How do I format a number in Java,GZipOutputStream,FileInputStream,FileOutputStream,DecimalFormatSymbols,DecimalFormat,Number,Locale,NumberFormat
How do I clone a generic List in Java,ArrayUtils,String
How do you compare two version Strings in Java,SimpleDateFormat,Calendar
How do I count the number of occurrences of a char in a String,CharacterIterator,StringCharacterIterator
How do I get the last character of a string,SeekableByteChannel,FileChannel
Executing Shell script from Java code,Process,Runtime
Load a resource in Jar,ResourceBundle,Enumeration
Insert a character in a string at a certain position,List,ArrayList
Running a Command Prompt from a Java program in Windows,Process,Runtime
How do I remove a character from a String,SeekableByteChannel,FileChannel
Get all methods of an Interface or Abstract class using Reflection,Class,Method
Executing a Command from Java and Waiting for the Command to Finish,Process,Runtime
How can I calculate the SHA-256 hash of a string in Android,DigestUtils,InputStream
How do I get generate an IP address range given start and end IP address,InetAddress,UnknownHostException
Implementing the equals method in java,HashCodeBuilder,EqualsBuilder
How can I format a number to the fixed locale,Number,Locale,NumberFormat
How to read properties from xml file with java,Properties,FileOutputStream
How to run a mvn command from a java program,Process,Runtime
firing a command in terminal from java program,Process,Runtime
How do I count the number of words in a string,CharacterIterator,StringCharacterIterator
How do I convert a number to a letter in Java,Number,Locale,NumberFormat
How to run linux command from java code,Process,Runtime
Executing multiple command shell from java,Process,Runtime
How to add an element to Array and shift indexes,Document,Element,DocumentBuilder
Execute a linux terminal command in java,Process,Runtime
Uncompress a GZIP string in Java,FileInputStream,FileOutputStream,GZipOutputStream,GZipInputStream
How do I reverse the numbers in a string,Collections,List,Arrays
Insert at a specific index in array,List,ArrayList
How to run Different commands from Java Code,Process,Runtime
Running shell script from java code and pass arguments,ScriptEngineManager,ScriptEngine,Object
How to sort a String array,Map,Comparator,HashMap
How can I get a char array in reverse order,Collections,List,Arrays
How to delete an element from an array,Document,Element,DocumentBuilder
how to run a command at terminal from java program,Process,Runtime
How to list the files in current directory,Files,FindTextFilesVisitor,SimpleFileVisitor
How to execute a cmd command using java program,Process,Runtime
Add Array elements to String,Document,Element,DocumentBuilder,Document,Element,DocumentBuilder
Run Bash from Java Program to Capture Webcam Image on Raspberry Pi,MediaLocator,Player,Manager
how to pass parameters from java to a python script,ScriptEngineManager,ScriptEngine,Object
passing arguments to a c code from java,ScriptEngineManager,ScriptEngine,Object,ScriptEngineManager,ScriptEngine,ScriptException
Casting a class using reflection in java,Class,Method
How do I multiply two String variables,SimpleDateFormat,Calendar
Convert hexadecimal string to IP Address,InetAddress,UnknownHostException
Execute source command from Java,Process,Runtime
Dynamically insert an XML Element into a text node,Document,Element,DocumentBuilder
How do you compare characters,SimpleDateFormat,Calendar
How to simulate a real mouse click using java,Robot,InputEvent
Executing a native DOS command from a Java application,Process,Runtime
How do I delete an element from an array of objects,EntityManager,EntityManagerFactory
How can I get an address of a List,InetAddress,NetworkInterface,InetAddress,UnknownHostException
Execute ADB command from Java program,Process,Runtime
execute shell command from android,Process,Runtime
java capturing webcam images macbook,MediaLocator,Player,Manager
Execute a command using ProcessBuilder from windows,Process,Runtime
How do I split a paragraph into sentences,BreakIterator
How to extract date and time from a String Timestamp in java,LocalDate,LocalTime,LocalDateTime
Reversing the order of a string,Collections,List,Arrays
Executing terminal command from java,Process,Runtime
How do I parse numbers in a string,LocalDate,LocalTime,LocalDateTime,Number,Locale,NumberFormat
Get type of array of class using Java reflection,Class,Method
How can i convert timestamp value into date in java,LocalDate,LocalTime,LocalDateTime
Unable to execute Unix command through Java code,Process,Runtime
Unable to send parameters to bash script from java,ScriptEngineManager,ScriptEngine,Object
How do you convert a java String to a mailing address object,InetAddress,UnknownHostException
Executing terminal commands from java,Process,Runtime
Load font file from resources folder,InputStream,Font
Running a Bash Command in different directory from a java program,Process,Runtime
How do I reverse a String array,Collections,List,Arrays
How to Sort a HashTable,Map,Comparator,HashMap
Execute Jar from Java code,Process,Runtime
Adding elements to an array java,Document,Element,DocumentBuilder,Document,Element,DocumentBuilder
How to pass argument to shell script file from servlet,ScriptEngineManager,ScriptEngine,Object
How do I run execute commands from a file,Process,Runtime
Executing PowerShell Commands in Java Program,Process,Runtime
Loading resource files within a jar,ResourceBundle,Enumeration
How do I reverse the order of only the digits in a string,Collections,List,Arrays
How to change directory in java,WatchService,Path,WatchKey
How to invoke cmd commands in from a Java program in Windows,Process,Runtime
Do adding objects to an ArrayList clone,ArrayUtils,String
How do I compare two numeric string in Java,SimpleDateFormat,Calendar
Parse a date from a string,LocalDate,LocalTime,LocalDateTime
Class array in constructor with reflection,Class,Method
Computer Graphics: Rotating a polygon,AffineTransform,Rectangle,Shape
Executing Python script from Java - Issues with parameter passing,ScriptEngineManager,ScriptEngine,Object
java code to execute commands,Process,Runtime
How do I parse multiple integers from a string,LocalDate,LocalTime,LocalDateTime,Number,Locale,NumberFormat
How to parse date string into integer variables,LocalDate,LocalTime,LocalDateTime
Java Copying to Clipboard,Clipboard,TextTransfer,FormData
How to get an integer at a specified position in a string of integers,List,ArrayList
Copy a file to clipboard,Clipboard,TextTransfer,FormData
Execute commands in CMD on Windows with Java code,Process,Runtime
How can I print the elements of 3 different String Arrays in a certain order,Collections,List,Arrays
How do you split a word in Java,BreakIterator
SED Command not executing through JAVA code,Process,Runtime
Calling method in an element of a object array,Class,Method,Object
Load resource in a jar file Java Spring,ResourceBundle,Enumeration
Java ArrayList to Javascript Array,ScriptEngineManager,ScriptEngine
How do I create a BLOB object by Java without connection to database,MongoClient,ServerAddress,DBCollection
How to change number length format,DecimalFormatSymbols,DecimalFormat
