Check if a class is type of java.lang.Enum,java.lang.Class.isAssignableFrom
Check if a class is type of java.lang.Enum,java.lang.Class.isEnum
Check if a class is type of java.lang.Enum,java.lang.reflect.Field.getType
Check if a class is type of java.lang.Enum,java.lang.Class.forName
Check if a class is type of java.lang.Enum,java.lang.Class.getEnumConstants
Check if a class is type of java.lang.Enum,java.lang.Class.newInstance
Check if a class is type of java.lang.Enum,java.lang.reflect.Method.invoke
Check if a class is type of java.lang.Enum,java.lang.Integer.valueOf
Check if a class is type of java.lang.Enum,java.lang.Enum.valueOf
Check if a class is type of java.lang.Enum,java.lang.Class.isPrimitive
How to use a delimiter to split a string,java.lang.String.split
How to use a delimiter to split a string,java.util.regex.Pattern.quote
How to use a delimiter to split a string,java.util.regex.Pattern.split
How to use a delimiter to split a string,java.lang.String.replaceAll
How to use a delimiter to split a string,java.util.Arrays.toString
How to use a delimiter to split a string,java.util.Scanner.next
How to use a delimiter to split a string,java.lang.String.trim
How to use a delimiter to split a string,java.util.Arrays.deepToString
How to use a delimiter to split a string,java.lang.Character.getNumericValue
How to use a delimiter to split a string,java.util.Arrays.asList
How do you escape colon in Properties file,java.util.Properties.load
How do you escape colon in Properties file,java.util.Properties.store
How do you escape colon in Properties file,java.util.regex.Pattern.quote
How do you escape colon in Properties file,java.util.regex.Matcher.replaceAll
How do you escape colon in Properties file,java.lang.String.split
How do you escape colon in Properties file,java.lang.String.replaceAll
How do you escape colon in Properties file,java.util.regex.Matcher.quoteReplacement
How do you escape colon in Properties file,java.lang.Double.valueOf
How do you escape colon in Properties file,java.util.Properties.list
How do you escape colon in Properties file,java.lang.String.toCharArray
How to iterate through a 2d ArrayList of objects,java.util.Arrays.toString
How to iterate through a 2d ArrayList of objects,java.lang.System.arraycopy
How to iterate through a 2d ArrayList of objects,java.util.ArrayList.toArray
How to iterate through a 2d ArrayList of objects,java.lang.Object.toString
How to iterate through a 2d ArrayList of objects,java.util.ArrayList.get
How to iterate through a 2d ArrayList of objects,java.util.Collections.sort
How to iterate through a 2d ArrayList of objects,java.lang.Object.equals
How to iterate through a 2d ArrayList of objects,java.lang.Long.parseLong
How to iterate through a 2d ArrayList of objects,java.lang.Long.compare
How to iterate through a 2d ArrayList of objects,null
Problem in exchanging the first and last characters of a string in Java,java.lang.String.charAt
Problem in exchanging the first and last characters of a string in Java,java.lang.String.substring
Problem in exchanging the first and last characters of a string in Java,java.lang.String.split
Problem in exchanging the first and last characters of a string in Java,java.lang.Long.valueOf
Problem in exchanging the first and last characters of a string in Java,java.lang.Long.toString
Problem in exchanging the first and last characters of a string in Java,java.lang.String.lastIndexOf
Problem in exchanging the first and last characters of a string in Java,java.lang.String.replace
Problem in exchanging the first and last characters of a string in Java,java.lang.Character.toLowerCase
Problem in exchanging the first and last characters of a string in Java,java.lang.Object.toString
Problem in exchanging the first and last characters of a string in Java,java.io.StringReader.read
get file owner attributes in Java,org.w3c.dom.Element.getAttribute
get file owner attributes in Java,org.w3c.dom.Node.getAttributes
get file owner attributes in Java,org.w3c.dom.Node.getChildNodes
get file owner attributes in Java,org.w3c.dom.Node.getNodeValue
get file owner attributes in Java,java.nio.file.Files.getOwner
get file owner attributes in Java,javax.swing.text.html.parser.Element.getAttributes
get file owner attributes in Java,java.nio.file.Files.getAttribute
get file owner attributes in Java,java.lang.Class.forName
get file owner attributes in Java,java.lang.Class.getDeclaredConstructors
get file owner attributes in Java,java.util.zip.ZipFile.getInputStream
How to collect DoubleStream to List,java.util.Collections.sort
How to collect DoubleStream to List,java.util.Collections.emptyList
How to collect DoubleStream to List,java.util.stream.Collectors.groupingByConcurrent
How to collect DoubleStream to List,java.util.stream.Collectors.groupingBy
How to collect DoubleStream to List,java.util.stream.IntStream.asLongStream
How to collect DoubleStream to List,java.util.Arrays.sort
How to collect DoubleStream to List,java.util.Collections.shuffle
How to collect DoubleStream to List,java.util.Collections.binarySearch
How to collect DoubleStream to List,java.util.stream.Collectors.toMap
How to collect DoubleStream to List,java.util.stream.Collectors.toConcurrentMap
find if java stream contains null,java.util.Optional.ofNullable
find if java stream contains null,java.util.stream.Stream.findAny
find if java stream contains null,java.util.List.contains
find if java stream contains null,java.lang.String.contains
find if java stream contains null,java.util.Optional.of
find if java stream contains null,java.util.Objects.isNull
find if java stream contains null,java.util.ArrayList.contains
find if java stream contains null,java.util.stream.Stream.anyMatch
find if java stream contains null,java.lang.Object.equals
find if java stream contains null,java.util.stream.Collectors.toMap
return only files in directory,java.io.File.list
return only files in directory,java.io.File.listFiles
return only files in directory,java.nio.file.Files.walkFileTree
return only files in directory,java.nio.file.Files.find
return only files in directory,java.nio.file.Files.walk
return only files in directory,java.nio.file.Files.copy
return only files in directory,java.io.File.isFile
return only files in directory,java.nio.file.Files.newDirectoryStream
return only files in directory,java.io.File.isDirectory
return only files in directory,java.util.zip.ZipFile.getInputStream
How to blur a portion of an image in java,java.awt.image.BufferedImage.getSubimage
How to blur a portion of an image in java,java.awt.image.BufferedImage.getRGB
How to blur a portion of an image in java,java.awt.Graphics.drawImage
How to blur a portion of an image in java,java.awt.Image.getScaledInstance
How to blur a portion of an image in java,javax.imageio.ImageIO.write
How to blur a portion of an image in java,java.lang.Class.getResource
How to blur a portion of an image in java,javax.imageio.ImageIO.read
How to blur a portion of an image in java,java.awt.Graphics.clipRect
How to blur a portion of an image in java,java.lang.System.arraycopy
How to blur a portion of an image in java,javax.swing.JEditorPane.setText
use DecimalFormat to print without scientific notation,java.lang.Double.toString
use DecimalFormat to print without scientific notation,java.math.BigDecimal.toString
use DecimalFormat to print without scientific notation,java.lang.Double.valueOf
use DecimalFormat to print without scientific notation,java.math.BigDecimal.toEngineeringString
use DecimalFormat to print without scientific notation,java.text.DecimalFormat.setRoundingMode
use DecimalFormat to print without scientific notation,java.math.BigDecimal.toPlainString
use DecimalFormat to print without scientific notation,java.lang.String.format
use DecimalFormat to print without scientific notation,java.math.BigDecimal.setScale
use DecimalFormat to print without scientific notation,java.lang.Double.parseDouble
use DecimalFormat to print without scientific notation,java.math.BigDecimal.toBigInteger
how to measure time in Java,java.lang.System.nanoTime
how to measure time in Java,java.lang.System.currentTimeMillis
how to measure time in Java,java.time.Instant.now
how to measure time in Java,java.time.Duration.toNanos
how to measure time in Java,java.time.Duration.toMillis
how to measure time in Java,java.lang.Thread.sleep
how to measure time in Java,java.time.Duration.toString
how to measure time in Java,java.time.Duration.ofNanos
how to measure time in Java,java.util.Arrays.sort
how to measure time in Java,java.sql.Timestamp.getTime
execute java program,java.lang.Runtime.exec
execute java program,java.lang.System.exit
execute java program,java.lang.System.nanoTime
execute java program,java.lang.Runtime.getRuntime
execute java program,java.lang.Thread.sleep
execute java program,java.lang.Process.waitFor
execute java program,java.lang.Process.getInputStream
execute java program,java.lang.Process.getErrorStream
execute java program,java.lang.System.setOut
execute java program,java.util.regex.Pattern.compile
get all files in a directory in Java,java.nio.file.Files.walkFileTree
get all files in a directory in Java,java.io.File.list
get all files in a directory in Java,java.nio.file.Files.newDirectoryStream
get all files in a directory in Java,java.io.File.listFiles
get all files in a directory in Java,java.nio.file.Files.walk
get all files in a directory in Java,java.nio.file.Files.copy
get all files in a directory in Java,java.nio.file.Files.find
get all files in a directory in Java,java.nio.file.spi.FileSystemProvider.newDirectoryStream
get all files in a directory in Java,java.io.File.getParent
get all files in a directory in Java,java.nio.file.Files.list
How to determine last element use an iterator,java.util.List.listIterator
How to determine last element use an iterator,java.util.Iterator.hasNext
How to determine last element use an iterator,java.util.Iterator.remove
How to determine last element use an iterator,java.util.ArrayList.toArray
How to determine last element use an iterator,java.util.Set.iterator
How to determine last element use an iterator,java.lang.System.arraycopy
How to determine last element use an iterator,java.util.stream.DoubleStream.iterate
How to determine last element use an iterator,java.util.Arrays.binarySearch
How to determine last element use an iterator,java.util.Arrays.sort
How to determine last element use an iterator,java.util.ArrayList.add
passing parameters to PreparedStatement,java.sql.PreparedStatement.setString
passing parameters to PreparedStatement,java.sql.PreparedStatement.setArray
passing parameters to PreparedStatement,java.sql.PreparedStatement.setObject
passing parameters to PreparedStatement,java.sql.Timestamp.valueOf
passing parameters to PreparedStatement,java.sql.Date.valueOf
passing parameters to PreparedStatement,java.sql.ResultSet.getObject
passing parameters to PreparedStatement,java.lang.Class.isInstance
passing parameters to PreparedStatement,java.lang.Class.forName
passing parameters to PreparedStatement,java.sql.Date.toLocalDate
passing parameters to PreparedStatement,java.lang.System.getProperty
How can I iterate a string from last to first,java.util.List.listIterator
How can I iterate a string from last to first,java.lang.String.charAt
How can I iterate a string from last to first,java.lang.String.getChars
How can I iterate a string from last to first,java.lang.String.indexOf
How can I iterate a string from last to first,java.lang.String.lastIndexOf
How can I iterate a string from last to first,java.lang.Byte.parseByte
How can I iterate a string from last to first,java.lang.Short.parseShort
How can I iterate a string from last to first,java.lang.Long.parseLong
How can I iterate a string from last to first,java.lang.Integer.toString
How can I iterate a string from last to first,java.util.Scanner.nextLine
How to iterate over an Array fields using reflection,java.lang.Class.getDeclaredFields
How to iterate over an Array fields using reflection,java.util.List.iterator
How to iterate over an Array fields using reflection,java.lang.reflect.Field.get
How to iterate over an Array fields using reflection,java.lang.Class.getFields
How to iterate over an Array fields using reflection,java.util.List.listIterator
How to iterate over an Array fields using reflection,java.util.Collections.unmodifiableList
How to iterate over an Array fields using reflection,java.util.Iterator.remove
How to iterate over an Array fields using reflection,java.lang.Class.forName
How to iterate over an Array fields using reflection,java.lang.Class.isArray
How to iterate over an Array fields using reflection,java.util.Arrays.sort
How to use html style in string with format parameter,java.lang.String.format
How to use html style in string with format parameter,java.text.MessageFormat.format
How to use html style in string with format parameter,java.text.DecimalFormat.format
How to use html style in string with format parameter,java.lang.StringBuilder.append
How to use html style in string with format parameter,java.lang.String.valueOf
How to use html style in string with format parameter,java.time.LocalDate.parse
How to use html style in string with format parameter,java.text.SimpleDateFormat.parse
How to use html style in string with format parameter,java.text.NumberFormat.parse
How to use html style in string with format parameter,java.text.DateFormat.parse
How to use html style in string with format parameter,java.lang.Long.parseLong
How to overwrite the old Xerces version that has been loaded in the parent CL,org.w3c.dom.Document.getElementById
How to overwrite the old Xerces version that has been loaded in the parent CL,java.lang.Class.forName
How to overwrite the old Xerces version that has been loaded in the parent CL,javax.xml.parsers.DocumentBuilderFactory.newInstance
How to overwrite the old Xerces version that has been loaded in the parent CL,java.lang.Thread.currentThread
How to overwrite the old Xerces version that has been loaded in the parent CL,java.lang.System.arraycopy
How to overwrite the old Xerces version that has been loaded in the parent CL,java.lang.ClassLoader.getResources
How to overwrite the old Xerces version that has been loaded in the parent CL,java.lang.reflect.Array.get
How to overwrite the old Xerces version that has been loaded in the parent CL,java.io.File.getParentFile
How to overwrite the old Xerces version that has been loaded in the parent CL,java.lang.Runtime.exec
How to overwrite the old Xerces version that has been loaded in the parent CL,java.lang.System.gc
How to modify the collection while iterating using a for-each loop ,java.util.Iterator.remove
How to modify the collection while iterating using a for-each loop ,java.util.Map.values
How to modify the collection while iterating using a for-each loop ,java.util.List.subList
How to modify the collection while iterating using a for-each loop ,java.util.Collections.unmodifiableList
How to modify the collection while iterating using a for-each loop ,java.util.Arrays.sort
How to modify the collection while iterating using a for-each loop ,java.util.Arrays.fill
How to modify the collection while iterating using a for-each loop ,java.lang.System.arraycopy
How to modify the collection while iterating using a for-each loop ,java.util.Iterator.forEachRemaining
How to modify the collection while iterating using a for-each loop ,java.util.Arrays.asList
How to modify the collection while iterating using a for-each loop ,java.util.Collection.iterator
How to create random permutation,java.util.Collections.shuffle
How to create random permutation,java.lang.Math.random
How to create random permutation,java.util.Random.nextInt
How to create random permutation,java.util.UUID.randomUUID
How to create random permutation,java.util.Random.nextBytes
How to create random permutation,java.util.Random.next
How to create random permutation,java.util.Random.ints
How to create random permutation,java.util.Arrays.asList
How to create random permutation,java.lang.Integer.toBinaryString
How to create random permutation,java.lang.StringBuilder.reverse
How to make ArrayList thread safe? Another way to solve problems by Java,java.util.Collections.synchronizedList
How to make ArrayList thread safe? Another way to solve problems by Java,java.lang.Object.wait
How to make ArrayList thread safe? Another way to solve problems by Java,java.lang.Object.notify
How to make ArrayList thread safe? Another way to solve problems by Java,java.lang.Object.hashCode
How to make ArrayList thread safe? Another way to solve problems by Java,java.util.Collections.synchronizedSet
How to make ArrayList thread safe? Another way to solve problems by Java,java.lang.Thread.currentThread
How to make ArrayList thread safe? Another way to solve problems by Java,java.lang.Thread.stop
How to make ArrayList thread safe? Another way to solve problems by Java,java.lang.Thread.interrupted
How to make ArrayList thread safe? Another way to solve problems by Java,java.util.concurrent.ThreadPoolExecutor.shutdownNow
How to make ArrayList thread safe? Another way to solve problems by Java,java.lang.Thread.interrupt
Grouping elements of a list into lists in java,java.util.stream.Collectors.groupingBy
Grouping elements of a list into lists in java,java.util.Collections.sort
Grouping elements of a list into lists in java,java.util.ArrayList.addAll
Grouping elements of a list into lists in java,java.util.ArrayList.add
Grouping elements of a list into lists in java,java.util.List.toArray
Grouping elements of a list into lists in java,java.util.List.set
Grouping elements of a list into lists in java,java.util.Arrays.asList
Grouping elements of a list into lists in java,java.lang.String.join
Grouping elements of a list into lists in java,java.util.stream.Stream.map
Grouping elements of a list into lists in java,java.util.Arrays.stream
How do I get localized date pattern string in java,java.text.SimpleDateFormat.toLocalizedPattern
How do I get localized date pattern string in java,java.time.format.DateTimeFormatter.ofLocalizedDate
How do I get localized date pattern string in java,java.time.format.DateTimeFormatter.ofLocalizedTime
How do I get localized date pattern string in java,java.time.format.DateTimeFormatter.ofPattern
How do I get localized date pattern string in java,java.text.DateFormat.getDateInstance
How do I get localized date pattern string in java,java.text.DateFormat.getDateTimeInstance
How do I get localized date pattern string in java,java.lang.Double.valueOf
How do I get localized date pattern string in java,java.text.SimpleDateFormat.parse
How do I get localized date pattern string in java,java.util.Calendar.getInstance
How do I get localized date pattern string in java,java.time.LocalDate.now
16 bit hex string to signed int,java.lang.Integer.parseInt
16 bit hex string to signed int,java.lang.Long.parseLong
16 bit hex string to signed int,java.lang.Integer.toHexString
16 bit hex string to signed int,java.lang.Integer.decode
16 bit hex string to signed int,java.lang.Long.toHexString
16 bit hex string to signed int,java.lang.Long.parseUnsignedLong
16 bit hex string to signed int,java.lang.Byte.toUnsignedInt
16 bit hex string to signed int,java.lang.Float.floatToIntBits
16 bit hex string to signed int,java.lang.Integer.toUnsignedLong
16 bit hex string to signed int,java.lang.Short.parseShort
Resolve the ip address of a hostname in java,java.net.InetAddress.getByName
Resolve the ip address of a hostname in java,java.net.InetAddress.getHostAddress
Resolve the ip address of a hostname in java,java.net.InetAddress.getLocalHost
Resolve the ip address of a hostname in java,java.net.InetAddress.getCanonicalHostName
Resolve the ip address of a hostname in java,java.net.InetAddress.getAllByName
Resolve the ip address of a hostname in java,java.net.InetAddress.getHostName
Resolve the ip address of a hostname in java,java.net.NetworkInterface.getNetworkInterfaces
Resolve the ip address of a hostname in java,java.net.InetAddress.toString
Resolve the ip address of a hostname in java,java.net.URL.equals
Resolve the ip address of a hostname in java,java.rmi.server.RemoteServer.getClientHost
toString java of an arrays in java ,java.util.Arrays.deepToString
toString java of an arrays in java ,java.util.Arrays.toString
toString java of an arrays in java ,java.lang.Object.toString
toString java of an arrays in java ,java.lang.String.valueOf
toString java of an arrays in java ,java.util.Arrays.sort
toString java of an arrays in java ,java.util.Collections.sort
toString java of an arrays in java ,java.lang.Enum.name
toString java of an arrays in java ,java.util.stream.IntStream.boxed
toString java of an arrays in java ,java.util.Collections.addAll
toString java of an arrays in java ,java.lang.String.split
Concatenate original arrays using separators in Java,java.util.Arrays.toString
Concatenate original arrays using separators in Java,java.util.Arrays.sort
Concatenate original arrays using separators in Java,java.util.Arrays.deepToString
Concatenate original arrays using separators in Java,java.util.Arrays.equals
Concatenate original arrays using separators in Java,java.lang.String.split
Concatenate original arrays using separators in Java,java.lang.String.format
Concatenate original arrays using separators in Java,java.lang.String.concat
Concatenate original arrays using separators in Java,java.lang.Integer.toString
Concatenate original arrays using separators in Java,java.util.List.toArray
Concatenate original arrays using separators in Java,java.lang.String.replaceAll
Group by map list,java.util.stream.Collectors.groupingBy
Group by map list,java.util.stream.Collectors.mapping
Group by map list,java.util.Collections.sort
Group by map list,java.util.Arrays.sort
Group by map list,java.util.stream.Collectors.toMap
Group by map list,java.util.Collections.singletonMap
Group by map list,java.util.stream.Stream.collect
Group by map list,java.time.LocalDate.with
Group by map list,java.util.Set.retainAll
Group by map list,java.util.stream.Collectors.toList
Declared as final in Java,java.lang.String.intern
Declared as final in Java,java.util.Arrays.asList
Declared as final in Java,java.lang.System.arraycopy
Declared as final in Java,java.util.Collections.unmodifiableMap
Declared as final in Java,java.util.Collections.unmodifiableList
Declared as final in Java,java.lang.Thread.start
Declared as final in Java,null
Declared as final in Java,null
Declared as final in Java,null
Declared as final in Java,null
The best way to exit the program,java.lang.System.exit
The best way to exit the program,javax.swing.JFrame.setDefaultCloseOperation
The best way to exit the program,java.lang.Runtime.exec
The best way to exit the program,java.lang.Process.waitFor
The best way to exit the program,java.lang.Thread.currentThread
The best way to exit the program,java.lang.ProcessBuilder.start
The best way to exit the program,java.lang.Thread.stop
The best way to exit the program,java.awt.event.WindowListener.windowClosing
The best way to exit the program,java.lang.Throwable.addSuppressed
The best way to exit the program,java.lang.Runtime.getRuntime
close JFrame,javax.swing.JFrame.setDefaultCloseOperation
close JFrame,java.awt.event.WindowListener.windowClosing
close JFrame,java.awt.event.WindowListener.windowClosed
close JFrame,javax.swing.JDialog.setDefaultCloseOperation
close JFrame,java.lang.Runtime.addShutdownHook
close JFrame,javax.swing.SwingUtilities.invokeLater
close JFrame,java.lang.System.exit
close JFrame,javax.swing.SwingUtilities.getWindowAncestor
close JFrame,javax.swing.JOptionPane.showMessageDialog
close JFrame,java.awt.Window.getWindows
instantiate a string class,java.lang.Class.forName
instantiate a string class,java.lang.Class.newInstance
instantiate a string class,java.lang.reflect.Constructor.newInstance
instantiate a string class,java.lang.Class.getConstructor
instantiate a string class,java.lang.Class.getConstructors
instantiate a string class,java.lang.Enum.valueOf
instantiate a string class,javax.lang.model.element.TypeElement.getEnclosedElements
instantiate a string class,java.lang.Class.getEnumConstants
instantiate a string class,java.util.Collections.fill
instantiate a string class,java.util.regex.Pattern.compile
change to another database,java.sql.Connection.setCatalog
change to another database,java.util.Arrays.asList
change to another database,java.sql.ResultSet.getString
change to another database,java.lang.Class.forName
change to another database,javax.swing.SwingUtilities.invokeLater
change to another database,java.util.List.contains
change to another database,null
change to another database,null
change to another database,null
change to another database,null
shutdown a thread implementing by runnable interface,java.util.concurrent.AbstractExecutorService.submit
shutdown a thread implementing by runnable interface,java.lang.Thread.join
shutdown a thread implementing by runnable interface,java.lang.Thread.currentThread
shutdown a thread implementing by runnable interface,java.lang.Thread.interrupted
shutdown a thread implementing by runnable interface,java.lang.Thread.run
shutdown a thread implementing by runnable interface,java.lang.Thread.start
shutdown a thread implementing by runnable interface,java.util.concurrent.ThreadPoolExecutor.shutdownNow
shutdown a thread implementing by runnable interface,java.lang.Thread.stop
shutdown a thread implementing by runnable interface,java.util.concurrent.ExecutorService.shutdownNow
shutdown a thread implementing by runnable interface,java.util.concurrent.Executor.execute
reuse application of filter map in the Stream ,java.util.stream.Stream.flatMap
reuse application of filter map in the Stream ,java.util.stream.Stream.map
reuse application of filter map in the Stream ,java.util.stream.Collectors.toMap
reuse application of filter map in the Stream ,java.util.stream.Collectors.groupingBy
reuse application of filter map in the Stream ,java.util.stream.Stream.collect
reuse application of filter map in the Stream ,java.util.stream.Collectors.mapping
reuse application of filter map in the Stream ,java.util.stream.Stream.filter
reuse application of filter map in the Stream ,java.util.zip.GZIPInputStream.close
reuse application of filter map in the Stream ,java.util.Map.merge
reuse application of filter map in the Stream ,java.util.Set.containsAll
use lambda expression to check if element exists,org.w3c.dom.Element.getElementsByTagName
use lambda expression to check if element exists,org.w3c.dom.NodeList.getLength
use lambda expression to check if element exists,java.util.stream.Stream.anyMatch
use lambda expression to check if element exists,java.lang.Class.forName
use lambda expression to check if element exists,java.util.stream.Stream.map
use lambda expression to check if element exists,java.util.stream.Collectors.toMap
use lambda expression to check if element exists,java.util.EnumSet.allOf
use lambda expression to check if element exists,java.util.Arrays.binarySearch
use lambda expression to check if element exists,java.nio.file.Files.readAllLines
use lambda expression to check if element exists,java.util.Arrays.setAll
Instantiate a class t using a constructor that accepts string parameters,java.lang.Class.getConstructor
Instantiate a class t using a constructor that accepts string parameters,java.lang.Class.newInstance
Instantiate a class t using a constructor that accepts string parameters,java.lang.Class.forName
Instantiate a class t using a constructor that accepts string parameters,java.lang.reflect.Constructor.newInstance
Instantiate a class t using a constructor that accepts string parameters,java.lang.Class.getConstructors
Instantiate a class t using a constructor that accepts string parameters,java.lang.Class.isInstance
Instantiate a class t using a constructor that accepts string parameters,java.lang.String.valueOf
Instantiate a class t using a constructor that accepts string parameters,java.lang.reflect.Array.newInstance
Instantiate a class t using a constructor that accepts string parameters,java.util.Arrays.asList
Instantiate a class t using a constructor that accepts string parameters,null
JFileChooser changes the default directory in Windows,javax.swing.JFileChooser.setCurrentDirectory
JFileChooser changes the default directory in Windows,javax.swing.JFileChooser.setFileSelectionMode
JFileChooser changes the default directory in Windows,javax.swing.JFileChooser.getCurrentDirectory
JFileChooser changes the default directory in Windows,javax.swing.UIManager.getDefaults
JFileChooser changes the default directory in Windows,java.io.File.list
JFileChooser changes the default directory in Windows,java.nio.file.Files.newDirectoryStream
JFileChooser changes the default directory in Windows,java.lang.System.getProperties
JFileChooser changes the default directory in Windows,java.lang.Runtime.exec
JFileChooser changes the default directory in Windows,java.nio.file.Files.walkFileTree
JFileChooser changes the default directory in Windows,javax.swing.UIManager.put
check if  an InputStream is empty,java.io.InputStream.available
check if  an InputStream is empty,java.lang.Runtime.exec
check if  an InputStream is empty,javax.imageio.ImageIO.read
check if  an InputStream is empty,java.util.Optional.ofNullable
check if  an InputStream is empty,java.util.Collections.disjoint
check if  an InputStream is empty,java.lang.Object.equals
check if  an InputStream is empty,java.lang.String.equals
check if  an InputStream is empty,java.lang.Integer.parseInt
check if  an InputStream is empty,java.lang.String.split
check if  an InputStream is empty,java.sql.ResultSet.getObject
replace part of string using index,java.util.regex.Matcher.appendReplacement
replace part of string using index,java.lang.StringBuffer.replace
replace part of string using index,java.util.regex.Matcher.replaceAll
replace part of string using index,java.lang.String.replaceAll
replace part of string using index,java.lang.String.split
replace part of string using index,java.util.regex.Matcher.appendTail
replace part of string using index,java.lang.String.replace
replace part of string using index,java.util.Arrays.sort
replace part of string using index,java.lang.String.indexOf
replace part of string using index,java.lang.String.replaceFirst
negative indexOf,java.lang.Long.toHexString
negative indexOf,java.lang.Math.abs
negative indexOf,java.lang.String.indexOf
negative indexOf,java.lang.String.compareTo
negative indexOf,java.lang.Integer.compare
negative indexOf,java.lang.Character.compare
negative indexOf,java.util.Arrays.sort
negative indexOf,java.lang.Integer.parseInt
negative indexOf,java.lang.String.replaceAll
negative indexOf,java.util.Collections.sort
set property,java.lang.System.getProperty
set property,java.lang.System.setProperty
set property,java.util.Properties.load
set property,java.util.Properties.store
set property,java.beans.Introspector.getBeanInfo
set property,java.lang.Class.forName
set property,java.lang.Object.clone
set property,java.util.Collections.sort
set property,null
set property,null
iterate over elements in Hashmap,java.util.List.iterator
iterate over elements in Hashmap,java.util.List.listIterator
iterate over elements in Hashmap,java.util.HashMap.values
iterate over elements in Hashmap,java.util.HashMap.keySet
iterate over elements in Hashmap,java.util.Map.entrySet
iterate over elements in Hashmap,java.util.Iterator.remove
iterate over elements in Hashmap,java.util.ArrayList.set
iterate over elements in Hashmap,java.lang.Iterable.forEach
iterate over elements in Hashmap,java.util.List.remove
iterate over elements in Hashmap,java.util.Arrays.asList
ensure order in java8 stream,java.util.stream.Stream.forEach
ensure order in java8 stream,java.util.stream.Stream.iterate
ensure order in java8 stream,java.util.stream.Stream.forEachOrdered
ensure order in java8 stream,java.util.stream.Stream.of
ensure order in java8 stream,java.util.stream.Stream.generate
ensure order in java8 stream,java.util.stream.Collectors.groupingBy
ensure order in java8 stream,java.util.stream.Stream.collect
ensure order in java8 stream,java.util.stream.IntStream.iterate
ensure order in java8 stream,java.util.stream.Stream.distinct
ensure order in java8 stream,java.util.regex.Pattern.splitAsStream
get the Timestamp from Calendar,java.util.Calendar.getTime
get the Timestamp from Calendar,java.util.Calendar.getInstance
get the Timestamp from Calendar,java.util.Calendar.getTimeInMillis
get the Timestamp from Calendar,java.util.Calendar.setTime
get the Timestamp from Calendar,java.sql.ResultSet.getDate
get the Timestamp from Calendar,java.util.Calendar.set
get the Timestamp from Calendar,java.time.LocalDateTime.ofInstant
get the Timestamp from Calendar,java.time.LocalDate.now
get the Timestamp from Calendar,java.util.Date.toString
get the Timestamp from Calendar,java.util.Date.getTime
"get the size of an array, a Collection or a String ",java.util.Collection.size
"get the size of an array, a Collection or a String ",java.lang.String.length
"get the size of an array, a Collection or a String ",java.util.Map.size
"get the size of an array, a Collection or a String ",java.lang.String.valueOf
"get the size of an array, a Collection or a String ",java.util.List.toArray
"get the size of an array, a Collection or a String ",java.util.Arrays.asList
"get the size of an array, a Collection or a String ",java.util.Map.values
"get the size of an array, a Collection or a String ",java.lang.String.split
"get the size of an array, a Collection or a String ",java.util.stream.Collectors.toList
"get the size of an array, a Collection or a String ",java.util.Arrays.stream
check if internet connection is present,java.net.InetAddress.getByName
check if internet connection is present,java.net.InetAddress.isReachable
check if internet connection is present,java.sql.Connection.close
check if internet connection is present,java.net.URL.equals
check if internet connection is present,java.lang.Runtime.exec
check if internet connection is present,java.nio.file.Files.isDirectory
check if internet connection is present,java.io.PrintWriter.checkError
check if internet connection is present,java.util.Arrays.binarySearch
check if internet connection is present,java.util.Collections.disjoint
check if internet connection is present,java.io.File.exists
Add elements to  List while iterat over it.,java.util.List.listIterator
Add elements to  List while iterat over it.,java.util.Arrays.asList
Add elements to  List while iterat over it.,java.util.Iterator.remove
Add elements to  List while iterat over it.,java.util.ArrayList.set
Add elements to  List while iterat over it.,java.util.ListIterator.add
Add elements to  List while iterat over it.,java.util.Collections.newSetFromMap
Add elements to  List while iterat over it.,java.util.List.add
Add elements to  List while iterat over it.,java.util.Set.add
Add elements to  List while iterat over it.,java.util.List.iterator
Add elements to  List while iterat over it.,java.util.concurrent.ConcurrentHashMap.values
fix the unchecked cast warning,java.util.Collections.checkedCollection
fix the unchecked cast warning,java.lang.Class.cast
fix the unchecked cast warning,java.lang.Class.forName
fix the unchecked cast warning,java.util.Collections.shuffle
fix the unchecked cast warning,java.util.Collections.sort
fix the unchecked cast warning,java.util.LinkedList.clone
fix the unchecked cast warning,null
fix the unchecked cast warning,null
fix the unchecked cast warning,null
fix the unchecked cast warning,null
Via reflection  to get string value from a Java field,java.lang.reflect.Field.get
Via reflection  to get string value from a Java field,java.lang.Class.getFields
Via reflection  to get string value from a Java field,java.lang.Class.getDeclaredFields
Via reflection  to get string value from a Java field,java.lang.Class.forName
Via reflection  to get string value from a Java field,java.lang.Class.getMethods
Via reflection  to get string value from a Java field,java.lang.reflect.Field.set
Via reflection  to get string value from a Java field,java.lang.reflect.Array.get
Via reflection  to get string value from a Java field,java.lang.Integer.parseInt
Via reflection  to get string value from a Java field,java.lang.Character.getNumericValue
Via reflection  to get string value from a Java field,java.lang.Class.getDeclaredConstructors
In java how to Convert a Stream to an Array,java.lang.Integer.valueOf
In java how to Convert a Stream to an Array,java.util.stream.Stream.toArray
In java how to Convert a Stream to an Array,java.util.Arrays.stream
In java how to Convert a Stream to an Array,java.util.Arrays.toString
In java how to Convert a Stream to an Array,java.lang.Integer.parseInt
In java how to Convert a Stream to an Array,java.util.stream.IntStream.mapToObj
In java how to Convert a Stream to an Array,java.lang.System.arraycopy
In java how to Convert a Stream to an Array,java.util.List.toArray
In java how to Convert a Stream to an Array,java.util.stream.Stream.of
In java how to Convert a Stream to an Array,java.util.Arrays.asList
hashmap key iteration in java,java.util.Map.keySet
hashmap key iteration in java,java.util.Map.values
hashmap key iteration in java,java.util.Map.entrySet
hashmap key iteration in java,java.util.TreeMap.put
hashmap key iteration in java,java.lang.Object.hashCode
hashmap key iteration in java,java.util.Map.containsKey
hashmap key iteration in java,java.util.Arrays.sort
hashmap key iteration in java,java.util.Map.Entry.getValue
hashmap key iteration in java,java.util.Map.Entry.getKey
hashmap key iteration in java,java.util.EnumSet.allOf
Combine stream of Collections into one Collection,java.util.stream.Collectors.groupingBy
Combine stream of Collections into one Collection,java.util.stream.Stream.flatMap
Combine stream of Collections into one Collection,java.util.stream.Collectors.toMap
Combine stream of Collections into one Collection,java.util.stream.Collectors.mapping
Combine stream of Collections into one Collection,java.util.stream.Stream.of
Combine stream of Collections into one Collection,java.util.regex.Pattern.splitAsStream
Combine stream of Collections into one Collection,java.util.stream.Stream.concat
Combine stream of Collections into one Collection,java.util.stream.Collectors.toCollection
Combine stream of Collections into one Collection,java.util.stream.LongStream.collect
Combine stream of Collections into one Collection,java.util.stream.Collectors.toList
Access non-visible classes by reflecting,java.lang.Class.forName
Access non-visible classes by reflecting,java.lang.Class.getDeclaredClasses
Access non-visible classes by reflecting,java.lang.Class.newInstance
Access non-visible classes by reflecting,java.lang.Class.getDeclaredFields
Access non-visible classes by reflecting,java.util.Collections.synchronizedMap
Access non-visible classes by reflecting,java.lang.reflect.Field.get
Access non-visible classes by reflecting,java.lang.reflect.Method.invoke
Access non-visible classes by reflecting,java.lang.System.getProperty
Access non-visible classes by reflecting,java.lang.String.valueOf
Access non-visible classes by reflecting,java.util.Calendar.getInstance
add new System Properties,java.lang.System.getProperty
add new System Properties,java.lang.System.setProperty
add new System Properties,java.lang.System.getProperties
add new System Properties,java.lang.System.setProperties
add new System Properties,java.lang.System.lineSeparator
add new System Properties,java.lang.System.getenv
add new System Properties,java.lang.SecurityManager.checkPropertiesAccess
add new System Properties,java.lang.SecurityManager.checkPropertyAccess
add new System Properties,java.io.BufferedWriter.newLine
add new System Properties,java.lang.System.clearProperty
function for arrays like PHP's join() in java,java.util.Arrays.toString
function for arrays like PHP's join() in java,java.lang.String.join
function for arrays like PHP's join() in java,javax.swing.SwingUtilities.invokeLater
function for arrays like PHP's join() in java,java.lang.String.valueOf
function for arrays like PHP's join() in java,java.util.Arrays.asList
function for arrays like PHP's join() in java,java.util.regex.Matcher.group
function for arrays like PHP's join() in java,java.lang.Integer.valueOf
function for arrays like PHP's join() in java,java.lang.String.split
function for arrays like PHP's join() in java,java.lang.Thread.run
function for arrays like PHP's join() in java,java.util.regex.Matcher.find
Set specific precision of a BigDecimal in java,java.math.BigDecimal.valueOf
Set specific precision of a BigDecimal in java,java.math.BigDecimal.divide
Set specific precision of a BigDecimal in java,java.lang.Double.valueOf
Set specific precision of a BigDecimal in java,java.math.BigDecimal.add
Set specific precision of a BigDecimal in java,java.math.BigDecimal.unscaledValue
Set specific precision of a BigDecimal in java,java.util.Arrays.fill
Set specific precision of a BigDecimal in java,java.math.BigDecimal.toPlainString
Set specific precision of a BigDecimal in java,java.util.List.toArray
Set specific precision of a BigDecimal in java,java.lang.Double.toString
Set specific precision of a BigDecimal in java,java.math.BigDecimal.multiply
check if string contains '+' character in java,java.lang.String.contains
check if string contains '+' character in java,java.lang.Integer.parseInt
check if string contains '+' character in java,java.lang.String.trim
check if string contains '+' character in java,java.lang.Long.parseLong
check if string contains '+' character in java,java.lang.String.indexOf
check if string contains '+' character in java,java.lang.String.equals
check if string contains '+' character in java,java.util.List.containsAll
check if string contains '+' character in java,java.lang.Object.toString
check if string contains '+' character in java,java.lang.String.split
check if string contains '+' character in java,java.lang.String.endsWith
best way to reverse bytes of int in java,java.lang.Integer.reverseBytes
best way to reverse bytes of int in java,java.lang.Integer.reverse
best way to reverse bytes of int in java,java.lang.Float.floatToIntBits
best way to reverse bytes of int in java,java.lang.Byte.toUnsignedInt
best way to reverse bytes of int in java,java.lang.StringBuilder.reverse
best way to reverse bytes of int in java,java.lang.Double.doubleToLongBits
best way to reverse bytes of int in java,java.lang.String.valueOf
best way to reverse bytes of int in java,java.lang.StringBuilder.append
best way to reverse bytes of int in java,java.util.Collections.reverse
best way to reverse bytes of int in java,java.util.Arrays.asList
copy of Calendar in java,java.util.Calendar.getInstance
copy of Calendar in java,java.time.LocalDate.plusWeeks
copy of Calendar in java,java.time.LocalDate.minusWeeks
copy of Calendar in java,java.util.Calendar.add
copy of Calendar in java,java.util.Calendar.getActualMaximum
copy of Calendar in java,java.util.Collections.nCopies
copy of Calendar in java,java.util.Calendar.getTime
copy of Calendar in java,java.time.temporal.TemporalAdjusters.nextOrSame
copy of Calendar in java,java.time.temporal.TemporalAdjusters.previousOrSame
copy of Calendar in java,java.nio.file.Files.copy
Get MAC address on local machine in Java,java.net.NetworkInterface.getNetworkInterfaces
Get MAC address on local machine in Java,java.net.InetAddress.getLocalHost
Get MAC address on local machine in Java,java.net.InetAddress.getByName
Get MAC address on local machine in Java,java.net.NetworkInterface.getHardwareAddress
Get MAC address on local machine in Java,java.util.Locale.getDefault
Get MAC address on local machine in Java,java.net.InetAddress.getHostAddress
Get MAC address on local machine in Java,java.net.InetAddress.getAllByName
Get MAC address on local machine in Java,java.io.File.listRoots
Get MAC address on local machine in Java,java.net.InetAddress.getHostName
Get MAC address on local machine in Java,java.net.InetAddress.getCanonicalHostName
get the name of a class without the package,java.lang.Package.getName
get the name of a class without the package,java.lang.Class.forName
get the name of a class without the package,java.lang.Class.getDeclaredMethods
get the name of a class without the package,java.lang.Class.getResourceAsStream
get the name of a class without the package,java.lang.Class.getResource
get the name of a class without the package,java.lang.ClassLoader.getResources
get the name of a class without the package,java.io.File.listFiles
get the name of a class without the package,java.lang.Class.getSimpleName
get the name of a class without the package,java.lang.Object.toString
get the name of a class without the package,java.lang.invoke.MethodHandles.lookup
Create intermediate folders if it doesn't exist in java,java.io.File.mkdirs
Create intermediate folders if it doesn't exist in java,java.nio.file.Files.createDirectories
Create intermediate folders if it doesn't exist in java,java.nio.file.Files.createFile
Create intermediate folders if it doesn't exist in java,java.io.File.createNewFile
Create intermediate folders if it doesn't exist in java,java.nio.file.Files.notExists
Create intermediate folders if it doesn't exist in java,java.io.File.getCanonicalPath
Create intermediate folders if it doesn't exist in java,java.io.File.exists
Create intermediate folders if it doesn't exist in java,java.io.File.mkdir
Create intermediate folders if it doesn't exist in java,java.nio.file.Files.createDirectory
Create intermediate folders if it doesn't exist in java,java.io.File.listFiles
how to find neighboring sub-string in a string,java.lang.String.indexOf
how to find neighboring sub-string in a string,java.lang.String.split
how to find neighboring sub-string in a string,java.util.Arrays.asList
how to find neighboring sub-string in a string,java.util.Arrays.toString
how to find neighboring sub-string in a string,java.lang.String.toCharArray
how to find neighboring sub-string in a string,java.lang.System.arraycopy
how to find neighboring sub-string in a string,java.util.regex.Pattern.quote
how to find neighboring sub-string in a string,java.util.regex.Matcher.find
how to find neighboring sub-string in a string,java.lang.String.contains
how to find neighboring sub-string in a string,java.util.regex.Matcher.group
Java Round up the Number,java.lang.Math.round
Java Round up the Number,java.math.BigDecimal.setScale
Java Round up the Number,java.lang.Math.ceil
Java Round up the Number,java.lang.Math.floor
Java Round up the Number,java.math.BigDecimal.divide
Java Round up the Number,java.lang.Math.pow
Java Round up the Number,java.lang.Math.log10
Java Round up the Number,java.text.DecimalFormat.setRoundingMode
Java Round up the Number,java.lang.Math.log
Java Round up the Number,java.lang.Math.rint
Creating a draw rectangle (filled with black color) function for a grid in java,java.awt.Graphics.fillRect
Creating a draw rectangle (filled with black color) function for a grid in java,java.awt.Graphics.getClipBounds
Creating a draw rectangle (filled with black color) function for a grid in java,javax.swing.JComponent.paintComponent
Creating a draw rectangle (filled with black color) function for a grid in java,java.awt.Graphics.drawPolygon
Creating a draw rectangle (filled with black color) function for a grid in java,java.awt.Graphics2D.fill
Creating a draw rectangle (filled with black color) function for a grid in java,java.awt.Graphics2D.draw
Creating a draw rectangle (filled with black color) function for a grid in java,java.lang.Integer.valueOf
Creating a draw rectangle (filled with black color) function for a grid in java,java.awt.font.GlyphVector.getOutline
Creating a draw rectangle (filled with black color) function for a grid in java,javax.swing.JComponent.repaint
Creating a draw rectangle (filled with black color) function for a grid in java,java.lang.Math.round
Alternative to successive String.replace,java.lang.String.replace
Alternative to successive String.replace,java.lang.String.replaceAll
Alternative to successive String.replace,java.lang.String.replaceFirst
Alternative to successive String.replace,java.util.regex.Matcher.appendReplacement
Alternative to successive String.replace,java.lang.Character.toUpperCase
Alternative to successive String.replace,java.lang.Character.toLowerCase
Alternative to successive String.replace,java.util.Date.setMinutes
Alternative to successive String.replace,java.lang.String.split
Alternative to successive String.replace,java.lang.Integer.parseInt
Alternative to successive String.replace,java.lang.String.format
Handle passwords  in source code,org.ietf.jgss.GSSContext.requestCredDeleg
Handle passwords  in source code,java.lang.Class.forName
Handle passwords  in source code,javax.swing.JPasswordField.getPassword
Handle passwords  in source code,java.lang.Character.isJavaIdentifierPart
Handle passwords  in source code,java.net.Authenticator.setDefault
Handle passwords  in source code,java.lang.System.getProperty
Handle passwords  in source code,java.lang.Object.toString
Handle passwords  in source code,javax.naming.ldap.LdapContext.reconnect
Handle passwords  in source code,java.lang.Runtime.exec
Handle passwords  in source code,java.lang.System.exit
capture System.exit event in java,java.lang.Runtime.addShutdownHook
capture System.exit event in java,java.lang.System.exit
capture System.exit event in java,java.lang.Runtime.exit
capture System.exit event in java,java.lang.Runtime.exec
capture System.exit event in java,java.lang.Process.exitValue
capture System.exit event in java,java.lang.Process.waitFor
capture System.exit event in java,java.lang.Runtime.halt
capture System.exit event in java,java.lang.Thread.join
capture System.exit event in java,java.lang.SecurityManager.checkExit
capture System.exit event in java,java.awt.Window.dispose
I want to know if I'm on the event dispatch thread,javax.swing.SwingUtilities.invokeLater
I want to know if I'm on the event dispatch thread,javax.swing.SwingUtilities.invokeAndWait
I want to know if I'm on the event dispatch thread,java.lang.Runnable.run
I want to know if I'm on the event dispatch thread,javax.swing.SwingUtilities.isEventDispatchThread
I want to know if I'm on the event dispatch thread,java.awt.EventQueue.invokeLater
I want to know if I'm on the event dispatch thread,java.lang.Thread.interrupt
I want to know if I'm on the event dispatch thread,javax.swing.SwingWorker.doInBackground
I want to know if I'm on the event dispatch thread,java.lang.Object.wait
I want to know if I'm on the event dispatch thread,java.awt.EventQueue.postEvent
I want to know if I'm on the event dispatch thread,java.lang.Object.notify
square a double quickly in java,java.lang.Math.pow
square a double quickly in java,java.lang.Double.valueOf
square a double quickly in java,java.math.BigDecimal.valueOf
square a double quickly in java,java.lang.Double.toString
square a double quickly in java,java.lang.Float.valueOf
square a double quickly in java,java.lang.Integer.valueOf
square a double quickly in java,java.lang.Double.doubleToLongBits
square a double quickly in java,java.util.Arrays.sort
square a double quickly in java,java.lang.Integer.parseInt
square a double quickly in java,java.lang.Math.cbrt
find time taken to run java program in java,java.lang.System.nanoTime
find time taken to run java program in java,java.lang.Runtime.addShutdownHook
find time taken to run java program in java,java.lang.System.currentTimeMillis
find time taken to run java program in java,java.lang.Runtime.exec
find time taken to run java program in java,java.lang.Process.waitFor
find time taken to run java program in java,java.lang.System.exit
find time taken to run java program in java,java.lang.Thread.sleep
find time taken to run java program in java,java.lang.Runtime.getRuntime
find time taken to run java program in java,java.util.concurrent.ScheduledExecutorService.scheduleAtFixedRate
find time taken to run java program in java,java.lang.Class.forName
