How can I insert an element in array at a given position?,ArrayList
How can I insert an element in array at a given position?,Arrays
How can I insert an element in array at a given position?,Map
How can I insert an element in array at a given position?,HashMap
How can I insert an element in array at a given position?,Object
How can I insert an element in array at a given position?,Collections
How can I insert an element in array at a given position?,Element
How can I insert an element in array at a given position?,JPanel
How can I insert an element in array at a given position?,Set
How can I insert an element in array at a given position?,PreparedStatement
How do I compress or zip a directory recursively?,File
How do I compress or zip a directory recursively?,FileOutputStream
How do I compress or zip a directory recursively?,FileInputStream
How do I compress or zip a directory recursively?,BufferedOutputStream
How do I compress or zip a directory recursively?,Zip
How do I compress or zip a directory recursively?,IOException
How do I compress or zip a directory recursively?,CreateTarGZ
How do I compress or zip a directory recursively?,InputStream
How do I compress or zip a directory recursively?,ZipEntry
How do I compress or zip a directory recursively?,ByteArrayOutputStream
How do I decompress a GZip file in Java?,GZIPInputStream
How do I decompress a GZip file in Java?,InputStream
How do I decompress a GZip file in Java?,GZIPOutputStream
How do I decompress a GZip file in Java?,File
How do I decompress a GZip file in Java?,FileOutputStream
How do I decompress a GZip file in Java?,IOException
How do I decompress a GZip file in Java?,FileInputStream
How do I decompress a GZip file in Java?,OutputStream
How do I decompress a GZip file in Java?,ArrayList
How do I decompress a GZip file in Java?,ByteArrayOutputStream
how to serialize JSON Object,ObjectMapper
how to serialize JSON Object,Gson
how to serialize JSON Object,IOException
how to serialize JSON Object,Map
how to serialize JSON Object,Object
how to serialize JSON Object,ObjectOutputStream
how to serialize JSON Object,ArrayList
how to serialize JSON Object,JSONObject
how to serialize JSON Object,Serializable
how to serialize JSON Object,HashMap
How do I use PriorityBlockingQueue class?,ArrayList
How do I use PriorityBlockingQueue class?,PriorityBlockingQueue
How do I use PriorityBlockingQueue class?,Class
How do I use PriorityBlockingQueue class?,BlockingQueue
How do I use PriorityBlockingQueue class?,Object
How do I use PriorityBlockingQueue class?,Queue
How do I use PriorityBlockingQueue class?,Test
How do I use PriorityBlockingQueue class?,ThreadPoolExecutor
How do I use PriorityBlockingQueue class?,Foo
How do I use PriorityBlockingQueue class?,TimeUnit
How do I parse a text string into date and time?,SimpleDateFormat
How do I parse a text string into date and time?,Calendar
How do I parse a text string into date and time?,DateFormat
How do I parse a text string into date and time?,ParseException
How do I parse a text string into date and time?,DateTime
How do I parse a text string into date and time?,ArrayList
How do I parse a text string into date and time?,DateTimeFormatter
How do I parse a text string into date and time?,Locale
How do I parse a text string into date and time?,Object
How do I parse a text string into date and time?,Pattern
How documents are represented in MongoDB Java Driver?,BasicDBObject
How documents are represented in MongoDB Java Driver?,DBObject
How documents are represented in MongoDB Java Driver?,DBCursor
How documents are represented in MongoDB Java Driver?,DBCollection
How documents are represented in MongoDB Java Driver?,Class
How documents are represented in MongoDB Java Driver?,ArrayList
How documents are represented in MongoDB Java Driver?,Object
How documents are represented in MongoDB Java Driver?,ObjectId
How documents are represented in MongoDB Java Driver?,File
How documents are represented in MongoDB Java Driver?,IOException
How do I connect to a MongoDB Database?,MongoClient
How do I connect to a MongoDB Database?,Connection
How do I connect to a MongoDB Database?,BasicDBObject
How do I connect to a MongoDB Database?,DriverManager
How do I connect to a MongoDB Database?,Mongo
How do I connect to a MongoDB Database?,MongoClientURI
How do I connect to a MongoDB Database?,SQLException
How do I connect to a MongoDB Database?,DateTime
How do I connect to a MongoDB Database?,Class
How do I connect to a MongoDB Database?,Driver
How do I send an HTML email?,MimeMessage
How do I send an HTML email?,Content
How do I send an HTML email?,Message
How do I send an HTML email?,DataHandler
How do I send an HTML email?,InternetAddress
How do I send an HTML email?,IOException
How do I send an HTML email?,MimeBodyPart
How do I send an HTML email?,Session
How do I send an HTML email?,InputStream
How do I send an HTML email?,Add
How do I read last n characters from a file?,BufferedReader
How do I read last n characters from a file?,File
How do I read last n characters from a file?,InputStreamReader
How do I read last n characters from a file?,IOException
How do I read last n characters from a file?,FileInputStream
How do I read last n characters from a file?,InputStream
How do I read last n characters from a file?,Scanner
How do I read last n characters from a file?,FileReader
How do I read last n characters from a file?,Pattern
How do I read last n characters from a file?,Matcher
Creating MySql database programatically in Java,Connection
Creating MySql database programatically in Java,DriverManager
Creating MySql database programatically in Java,Class
Creating MySql database programatically in Java,Driver
Creating MySql database programatically in Java,ResultSet
Creating MySql database programatically in Java,Object
Creating MySql database programatically in Java,ArrayList
Creating MySql database programatically in Java,PreparedStatement
Creating MySql database programatically in Java,File
Creating MySql database programatically in Java,SQLException
Generating MD5 digest from File or InputStream object,File
Generating MD5 digest from File or InputStream object,FileInputStream
Generating MD5 digest from File or InputStream object,IOException
Generating MD5 digest from File or InputStream object,Class
Generating MD5 digest from File or InputStream object,Object
Generating MD5 digest from File or InputStream object,ArrayList
Generating MD5 digest from File or InputStream object,InputStream
Generating MD5 digest from File or InputStream object,FileOutputStream
Generating MD5 digest from File or InputStream object,Map
Generating MD5 digest from File or InputStream object,HashMap
How do I calculate the MD5 digest of a string?,GetBytes
How do I calculate the MD5 digest of a string?,Graphics
How do I calculate the MD5 digest of a string?,MessageDigest
How do I calculate the MD5 digest of a string?,BufferedImage
How do I calculate the MD5 digest of a string?,ArrayList
How do I calculate the MD5 digest of a string?,BouncyCastleProvider
How do I calculate the MD5 digest of a string?,HashMap
How do I calculate the MD5 digest of a string?,HmacSHA
How do I calculate the MD5 digest of a string?,Map
How do I calculate the MD5 digest of a string?,Digester
How do I clone an array variable?,ArrayList
How do I clone an array variable?,Object
How do I clone an array variable?,Arrays
How do I clone an array variable?,Class
How do I clone an array variable?,Hashtable
How do I clone an array variable?,Bullet
How do I clone an array variable?,Map
How do I clone an array variable?,Collections
How do I clone an array variable?,Scanner
How do I clone an array variable?,HashMap
How to implement the hashCode and equals method using Apache Commons?,Object
How to implement the hashCode and equals method using Apache Commons?,Arrays
How to implement the hashCode and equals method using Apache Commons?,HashSet
How to implement the hashCode and equals method using Apache Commons?,Map
How to implement the hashCode and equals method using Apache Commons?,HashMap
How to implement the hashCode and equals method using Apache Commons?,ArrayList
How to implement the hashCode and equals method using Apache Commons?,HashCodeBuilder
How to implement the hashCode and equals method using Apache Commons?,Set
How to implement the hashCode and equals method using Apache Commons?,Collection
How to implement the hashCode and equals method using Apache Commons?,Class
How to establish connection to database with Properties?,Class
How to establish connection to database with Properties?,DriverManager
How to establish connection to database with Properties?,Connection
How to establish connection to database with Properties?,Driver
How to establish connection to database with Properties?,DataSource
How to establish connection to database with Properties?,Bean
How to establish connection to database with Properties?,IOException
How to establish connection to database with Properties?,InputStream
How to establish connection to database with Properties?,SQLException
How to establish connection to database with Properties?,Object
How to monitor file or directory changes?,File
How to monitor file or directory changes?,IOException
How to monitor file or directory changes?,RawUI
How to monitor file or directory changes?,Change
How to monitor file or directory changes?,ESCkey
How to monitor file or directory changes?,Files
How to monitor file or directory changes?,InputStream
How to monitor file or directory changes?,FileOutputStream
How to monitor file or directory changes?,BufferedReader
How to monitor file or directory changes?,GraphicsDevice
XML How to Remove all attributes,Document
XML How to Remove all attributes,Element
XML How to Remove all attributes,NodeList
XML How to Remove all attributes,DOMSource
XML How to Remove all attributes,Object
XML How to Remove all attributes,Node
XML How to Remove all attributes,ArrayList
XML How to Remove all attributes,DocumentBuilderFactory
XML How to Remove all attributes,File
XML How to Remove all attributes,XmlRootElement
How do I create and delete a file in JDK 7?,File
How do I create and delete a file in JDK 7?,Files
How do I create and delete a file in JDK 7?,FileOutputStream
How do I create and delete a file in JDK 7?,FileWriter
How do I create and delete a file in JDK 7?,IOException
How do I create and delete a file in JDK 7?,Object
How do I create and delete a file in JDK 7?,FileInputStream
How do I create and delete a file in JDK 7?,ArrayList
How do I create and delete a file in JDK 7?,Path
How do I create and delete a file in JDK 7?,Class
How to recursively list all text files in a directory?,File
How to recursively list all text files in a directory?,ArrayList
How to recursively list all text files in a directory?,IOException
How to recursively list all text files in a directory?,Files
How to recursively list all text files in a directory?,BufferedReader
How to recursively list all text files in a directory?,Arrays
How to recursively list all text files in a directory?,InputStream
How to recursively list all text files in a directory?,FilenameFilter
How to recursively list all text files in a directory?,FileOutputStream
How to recursively list all text files in a directory?,FileReader
How to verify digital signature of a signed data?,Base
How to verify digital signature of a signed data?,Signature
How to verify digital signature of a signed data?,ArrayList
How to verify digital signature of a signed data?,Certificate
How to verify digital signature of a signed data?,Object
How to verify digital signature of a signed data?,MessageDigest
How to verify digital signature of a signed data?,Info
How to verify digital signature of a signed data?,IOException
How to verify digital signature of a signed data?,Map
How to verify digital signature of a signed data?,SignerInfo
How do I compress a file in GZip format?,File
How do I compress a file in GZip format?,InputStream
How do I compress a file in GZip format?,FileOutputStream
How do I compress a file in GZip format?,GZIPOutputStream
How do I compress a file in GZip format?,ByteArrayOutputStream
How do I compress a file in GZip format?,GZIPInputStream
How do I compress a file in GZip format?,IOException
How do I compress a file in GZip format?,FileInputStream
How do I compress a file in GZip format?,SimpleDateFormat
How do I compress a file in GZip format?,BufferedReader
How do I generate public and private keys?,Cipher
How do I generate public and private keys?,Object
How do I generate public and private keys?,SecretKey
How do I generate public and private keys?,SecretKeySpec
How do I generate public and private keys?,BigInteger
How do I generate public and private keys?,ArrayList
How do I generate public and private keys?,Entity
How do I generate public and private keys?,Map
How do I generate public and private keys?,Random
How do I generate public and private keys?,GeneratedValue
How do I copy a file in JDK 7?,Files
How do I copy a file in JDK 7?,InputStream
How do I copy a file in JDK 7?,File
How do I copy a file in JDK 7?,FileOutputStream
How do I copy a file in JDK 7?,FileChannel
How do I copy a file in JDK 7?,Object
How do I copy a file in JDK 7?,FileInputStream
How do I copy a file in JDK 7?,IOException
How do I copy a file in JDK 7?,ArrayList
How do I copy a file in JDK 7?,OutputStream
How do I set the value of file attributes?,File
How do I set the value of file attributes?,Object
How do I set the value of file attributes?,Class
How do I set the value of file attributes?,Files
How do I set the value of file attributes?,HTTPServletRequest
How do I set the value of file attributes?,ArrayList
How do I set the value of file attributes?,Document
How do I set the value of file attributes?,Set
How do I set the value of file attributes?,Properties
How do I set the value of file attributes?,Map
How do I set file last modified time? ,File
How do I set file last modified time? ,SimpleDateFormat
How do I set file last modified time? ,IOException
How do I set file last modified time? ,Files
How do I set file last modified time? ,Object
How do I set file last modified time? ,Calendar
How do I set file last modified time? ,ArrayList
How do I set file last modified time? ,Properties
How do I set file last modified time? ,Set
How do I set file last modified time? ,Log
How do I reverse the order of array elements?,Collections
How do I reverse the order of array elements?,Arrays
How do I reverse the order of array elements?,Comparator
How do I reverse the order of array elements?,ArrayList
How do I reverse the order of array elements?,Object
How do I reverse the order of array elements?,Set
How do I reverse the order of array elements?,Map
How do I reverse the order of array elements?,HashMap
How do I reverse the order of array elements?,HashSet
How do I reverse the order of array elements?,LinkedHashSet
How do I send an Http Post request?,Content
How do I send an Http Post request?,HttpPost
How do I send an Http Post request?,IOException
How do I send an Http Post request?,HttpClient
How do I send an Http Post request?,BufferedReader
How do I send an Http Post request?,HttpEntity
How do I send an Http Post request?,InputStream
How do I send an Http Post request?,HttpServletRequest
How do I send an Http Post request?,URLEncoder
How do I send an Http Post request?,HttpResponse
How do I get Http response body as a string?,InputStream
How do I get Http response body as a string?,Response
How do I get Http response body as a string?,Content
How do I get Http response body as a string?,IOException
How do I get Http response body as a string?,HttpResponse
How do I get Http response body as a string?,Object
How do I get Http response body as a string?,AsyncCallback
How do I get Http response body as a string?,OutputStream
How do I get Http response body as a string?,Pattern
How do I get Http response body as a string?,ArrayList
How do I get entity ContentType in HttpClient?,ContentType
How do I get entity ContentType in HttpClient?,HttpEntity
How do I get entity ContentType in HttpClient?,Content
How do I get entity ContentType in HttpClient?,Don
How do I get entity ContentType in HttpClient?,Entity
How do I get entity ContentType in HttpClient?,Encoding
How do I get entity ContentType in HttpClient?,HttpServletResponse
How do I get entity ContentType in HttpClient?,EntityUtils
How do I get entity ContentType in HttpClient?,HttpClient
How do I get entity ContentType in HttpClient?,User
How do I execute Http Get request?,IOException
How do I execute Http Get request?,HttpServletRequest
How do I execute Http Get request?,AsyncTask
How do I execute Http Get request?,HttpServletResponse
How do I execute Http Get request?,DownloadFilesTask
How do I execute Http Get request?,InputStream
How do I execute Http Get request?,Filter
How do I execute Http Get request?,Content
How do I execute Http Get request?,Object
How do I execute Http Get request?,Class
How do I get the primary key of any JPA entity?,Entity
How do I get the primary key of any JPA entity?,ManyToOne
How do I get the primary key of any JPA entity?,Column
How do I get the primary key of any JPA entity?,JoinColumn
How do I get the primary key of any JPA entity?,EntityManager
How do I get the primary key of any JPA entity?,User
How do I get the primary key of any JPA entity?,Object
How do I get the primary key of any JPA entity?,OneToMany
How do I get the primary key of any JPA entity?,Child
How do I get the primary key of any JPA entity?,Map
How do I delete entity object in JPA?,EntityManager
How do I delete entity object in JPA?,CascadeType
How do I delete entity object in JPA?,Entity
How do I delete entity object in JPA?,User
How do I delete entity object in JPA?,Object
How do I delete entity object in JPA?,ManyToOne
How do I delete entity object in JPA?,ArrayList
How do I delete entity object in JPA?,OneToMany
How do I delete entity object in JPA?,Query
How do I delete entity object in JPA?,Column
How do I get all available currency codes?,Currency
How do I get all available currency codes?,CurrencyData
How do I get all available currency codes?,Locale
How do I get all available currency codes?,CurrencyTest
How do I get all available currency codes?,FileInputStream
How do I get all available currency codes?,Object
How do I get all available currency codes?,GenerateCurrencyData
How do I get all available currency codes?,ArrayList
How do I get all available currency codes?,NumberFormat
How do I get all available currency codes?,HashMap
How do I get host’s default timezone id?,TimeZone
How do I get host’s default timezone id?,Map
How do I get host’s default timezone id?,AbstractDecoratedTextEditorPreferenceConstants
How do I get host’s default timezone id?,SimpleDateFormat
How do I get host’s default timezone id?,Calendar
How do I get host’s default timezone id?,Class
How do I get host’s default timezone id?,DateTimeZone
How do I get host’s default timezone id?,ComponentScan
How do I get host’s default timezone id?,DateFormat
How do I get host’s default timezone id?,Configuration
How to create an XML file of a POJO using JAXB?,XmlRootElement
How to create an XML file of a POJO using JAXB?,JAXBContext
How to create an XML file of a POJO using JAXB?,File
How to create an XML file of a POJO using JAXB?,Marshaller
How to create an XML file of a POJO using JAXB?,IOException
How to create an XML file of a POJO using JAXB?,Object
How to create an XML file of a POJO using JAXB?,XmlElement
How to create an XML file of a POJO using JAXB?,ArrayList
How to create an XML file of a POJO using JAXB?,Unmarshaller
How to create an XML file of a POJO using JAXB?,Map
How do I compare two dates?,Calendar
How do I compare two dates?,SimpleDateFormat
How do I compare two dates?,LocalDate
How do I compare two dates?,DateTime
How do I compare two dates?,DateTimeFormat
How do I compare two dates?,Comparator
How do I compare two dates?,DateTimeFormatter
How do I compare two dates?,Object
How do I compare two dates?,Feb
How do I compare two dates?,ArrayList
How do I change date formatting symbols?,SimpleDateFormat
How do I change date formatting symbols?,DecimalFormat
How do I change date formatting symbols?,DateFormat
How do I change date formatting symbols?,Contents
How do I change date formatting symbols?,DateTimeFormatter
How do I change date formatting symbols?,Locale
How do I change date formatting symbols?,Current
How do I change date formatting symbols?,Object
How do I change date formatting symbols?,Calendar
How do I change date formatting symbols?,ParseException
How do I retrieve available schemas in database?,Connection
How do I retrieve available schemas in database?,ResultSet
How do I retrieve available schemas in database?,Class
How do I retrieve available schemas in database?,DriverManager
How do I retrieve available schemas in database?,HBaseAdmin
How do I retrieve available schemas in database?,DatabaseMetaData
How do I retrieve available schemas in database?,Object
How do I retrieve available schemas in database?,ArrayList
How do I retrieve available schemas in database?,Statement
How do I retrieve available schemas in database?,XMLSchema
How do I call a stored procedure that return a result set?,Object
How do I call a stored procedure that return a result set?,CallableStatement
How do I call a stored procedure that return a result set?,Connection
How do I call a stored procedure that return a result set?,ResultSet
How do I call a stored procedure that return a result set?,ArrayList
How do I call a stored procedure that return a result set?,Map
How do I call a stored procedure that return a result set?,Class
How do I call a stored procedure that return a result set?,Types
How do I call a stored procedure that return a result set?,File
How do I call a stored procedure that return a result set?,SQLException
How do I convert raw IP address to String?,ArrayList
How do I convert raw IP address to String?,InetAddress
How do I convert raw IP address to String?,Object
How do I convert raw IP address to String?,BigInteger
How do I convert raw IP address to String?,Matcher
How do I convert raw IP address to String?,SimpleDateFormat
How do I convert raw IP address to String?,Pattern
How do I convert raw IP address to String?,Arrays
How do I convert raw IP address to String?,Map
How do I convert raw IP address to String?,DatatypeConverter
How do I create port scanner program?,ArrayList
How do I create port scanner program?,File
How do I create port scanner program?,Scanner
How do I create port scanner program?,Creates
How do I create port scanner program?,IOException
How do I create port scanner program?,Button
How do I create port scanner program?,Callable
How do I create port scanner program?,CharBuffer
How do I create port scanner program?,BufferedReader
How do I create port scanner program?,Enter
How do I get MAC address of a host?,InetAddress
How do I get MAC address of a host?,NetworkInterface
How do I get MAC address of a host?,SocketException
How do I get MAC address of a host?,ActorSystem
How do I get MAC address of a host?,Agent
How do I get MAC address of a host?,IOException
How do I get MAC address of a host?,Alive
How do I get MAC address of a host?,Address
How do I get MAC address of a host?,Host
How do I get MAC address of a host?,AndroidManifest
How do I create a client-server socket communication?,Socket
How do I create a client-server socket communication?,IOException
How do I create a client-server socket communication?,ServerSocket
How do I create a client-server socket communication?,BufferedReader
How do I create a client-server socket communication?,InputStream
How do I create a client-server socket communication?,InputStreamReader
How do I create a client-server socket communication?,Object
How do I create a client-server socket communication?,Server
How do I create a client-server socket communication?,Connection
How do I create a client-server socket communication?,File
How do I read / download webpage content?,BufferedReader
How do I read / download webpage content?,IOException
How do I read / download webpage content?,InputStream
How do I read / download webpage content?,InputStreamReader
How do I read / download webpage content?,Agent
How do I read / download webpage content?,File
How do I read / download webpage content?,Content
How do I read / download webpage content?,DefaultHttpClient
How do I read / download webpage content?,Document
How do I read / download webpage content?,ArrayList
How do I get IP address of localhost?,InetAddress
How do I get IP address of localhost?,IOException
How do I get IP address of localhost?,InetSocketAddress
How do I get IP address of localhost?,Driver
How do I get IP address of localhost?,Address
How do I get IP address of localhost?,NetworkInterface
How do I get IP address of localhost?,HttpServletRequest
How do I get IP address of localhost?,Caused
How do I get IP address of localhost?,Connection
How do I get IP address of localhost?,Object
How do I get cryptographic security providers?,Cipher
How do I get cryptographic security providers?,AESCipher
How do I get cryptographic security providers?,AppUDS
How do I get cryptographic security providers?,Authentication
How do I get cryptographic security providers?,Provider
How do I get cryptographic security providers?,Autowired
How do I get cryptographic security providers?,BouncyCastle
How do I get cryptographic security providers?,HttpServletRequest
How do I get cryptographic security providers?,Object
How do I get cryptographic security providers?,BouncyCastleProvider
How do I create an encrypted string for password?,Arrays
How do I create an encrypted string for password?,FileHeader
How do I create an encrypted string for password?,Object
How do I create an encrypted string for password?,IOException
How do I create an encrypted string for password?,ArrayList
How do I create an encrypted string for password?,Dac
How do I create an encrypted string for password?,Map
How do I create an encrypted string for password?,FileNotFoundException
How do I create an encrypted string for password?,Pattern
How do I create an encrypted string for password?,Destination
How do I breaks a paragraph into sentences?,ArrayList
How do I breaks a paragraph into sentences?,Document
How do I breaks a paragraph into sentences?,Andrews
How do I breaks a paragraph into sentences?,BreakIterator
How do I breaks a paragraph into sentences?,Java
How do I breaks a paragraph into sentences?,IOException
How do I breaks a paragraph into sentences?,Locale
How do I breaks a paragraph into sentences?,Pattern
How do I breaks a paragraph into sentences?,BufferedReader
How do I breaks a paragraph into sentences?,Jsoup
How do I change the date format symbols for a specified locale?,Locale
How do I change the date format symbols for a specified locale?,SimpleDateFormat
How do I change the date format symbols for a specified locale?,DateTimeFormatter
How do I change the date format symbols for a specified locale?,NumberFormat
How do I change the date format symbols for a specified locale?,DateFormat
How do I change the date format symbols for a specified locale?,DecimalFormat
How do I change the date format symbols for a specified locale?,Object
How do I change the date format symbols for a specified locale?,Currency
How do I change the date format symbols for a specified locale?,Calendar
How do I change the date format symbols for a specified locale?,File
How do I change number format symbols?,DecimalFormat
How do I change number format symbols?,Auto
How do I change number format symbols?,DecimalFormatSymbols
How do I change number format symbols?,NumberFormat
How do I change number format symbols?,Object
How do I change number format symbols?,Locale
How do I change number format symbols?,ArrayList
How do I change number format symbols?,Matcher
How do I change number format symbols?,Pattern
How do I change number format symbols?,Contents
How do I parse a number for a locale?,Locale
How do I parse a number for a locale?,NumberFormat
How do I parse a number for a locale?,DecimalFormat
How do I parse a number for a locale?,BigDecimal
How do I parse a number for a locale?,ArrayList
How do I parse a number for a locale?,Average
How do I parse a number for a locale?,Object
How do I parse a number for a locale?,BigInteger
How do I parse a number for a locale?,Random
How do I parse a number for a locale?,Builder
How do I iterate a subset of a string?,Arrays
How do I iterate a subset of a string?,Map
How do I iterate a subset of a string?,HashMap
How do I iterate a subset of a string?,CharBuffer
How do I iterate a subset of a string?,ArrayList
How do I iterate a subset of a string?,Iterator
How do I iterate a subset of a string?,Object
How do I iterate a subset of a string?,Set
How do I iterate a subset of a string?,Pattern
How do I iterate a subset of a string?,HashSet
How do I get attributes of element during SAX parsing?,Attributes
How do I get attributes of element during SAX parsing?,Element
How do I get attributes of element during SAX parsing?,ArrayList
How do I get attributes of element during SAX parsing?,SAXException
How do I get attributes of element during SAX parsing?,DefaultHandler
How do I get attributes of element during SAX parsing?,SAXParserFactory
How do I get attributes of element during SAX parsing?,Object
How do I get attributes of element during SAX parsing?,Map
How do I get attributes of element during SAX parsing?,Node
How do I get attributes of element during SAX parsing?,Document
How do I get JDBC driver property information?,WebDriver
How do I get JDBC driver property information?,Assert
How do I get JDBC driver property information?,DefaultNode
How do I get JDBC driver property information?,DefaultRemoteProxy
How do I get JDBC driver property information?,Class
How do I get JDBC driver property information?,Driver
How do I get JDBC driver property information?,Dwebdriver
How do I get JDBC driver property information?,Properties
How do I get JDBC driver property information?,CallableStatement
How do I get JDBC driver property information?,File
How do I get numeric functions supported by database?,ApplicationContextAware
How do I get numeric functions supported by database?,Auto
How do I get numeric functions supported by database?,BigInteger
How do I get numeric functions supported by database?,ClassMode
How do I get numeric functions supported by database?,Object
How do I get numeric functions supported by database?,Bootstrap
How do I get numeric functions supported by database?,Class
How do I get numeric functions supported by database?,Connection
How do I get numeric functions supported by database?,ArrayList
How do I get numeric functions supported by database?,ClassRunner
How do I get data types supported by database?,ArrayList
How do I get data types supported by database?,Class
How do I get data types supported by database?,Object
How do I get data types supported by database?,BigDecimal
How do I get data types supported by database?,Arrays
How do I get data types supported by database?,BigInteger
How do I get data types supported by database?,Map
How do I get data types supported by database?,ApplicationContextAware
How do I get data types supported by database?,HashMap
How do I get data types supported by database?,File
How do I execute stored procedure?,CallableStatement
How do I execute stored procedure?,Object
How do I execute stored procedure?,HashMap
How do I execute stored procedure?,ArrayList
How do I execute stored procedure?,ResultSet
How do I execute stored procedure?,File
How do I execute stored procedure?,Foo
How do I execute stored procedure?,Map
How do I execute stored procedure?,IOException
How do I execute stored procedure?,Connection
How do I print a file using the default registered application?,File
How do I print a file using the default registered application?,Configuration
How do I print a file using the default registered application?,ComponentScan
How do I print a file using the default registered application?,InputStream
How do I print a file using the default registered application?,Object
How do I print a file using the default registered application?,PackageManager
How do I print a file using the default registered application?,DispatcherServlet
How do I print a file using the default registered application?,Class
How do I print a file using the default registered application?,IOException
How do I print a file using the default registered application?,Create
How do I turn the Num Lock button on?,KeyEvent
How do I turn the Num Lock button on?,Toolkit
How do I turn the Num Lock button on?,Context
How do I turn the Num Lock button on?,Action
How do I turn the Num Lock button on?,Object
How do I turn the Num Lock button on?,ActionListener
How do I turn the Num Lock button on?,ActionEvent
How do I turn the Num Lock button on?,Frame
How do I turn the Num Lock button on?,JFrame
How do I turn the Num Lock button on?,JButton
How do I create subscript in iText?,Paragraph
How do I create subscript in iText?,Document
How do I create subscript in iText?,Payment
How do I create subscript in iText?,BaseFont
How do I create subscript in iText?,IOException
How do I create subscript in iText?,FileOutputStream
How do I create subscript in iText?,ArrayList
How do I create subscript in iText?,PdfReader
How do I create subscript in iText?,PdfWriter
How do I create subscript in iText?,Font
How to add attribute to an element,ArrayList
How to add attribute to an element,XmlAttribute
How to add attribute to an element,Element
How to add attribute to an element,Object
How to add attribute to an element,Marshaller
How to add attribute to an element,XmlValue
How to add attribute to an element,XmlRootElement
How to add attribute to an element,XmlElement
How to add attribute to an element,JFrame
How to add attribute to an element,Arrays
How do I get list of files from FTP server?,File
How do I get list of files from FTP server?,InputStream
How do I get list of files from FTP server?,FTPClient
How do I get list of files from FTP server?,IOException
How do I get list of files from FTP server?,ArrayList
How do I get list of files from FTP server?,FileInputStream
How do I get list of files from FTP server?,Day
How do I get list of files from FTP server?,BufferedReader
How do I get list of files from FTP server?,OutputStream
How do I get list of files from FTP server?,FileOutputStream
Using Java Objects in JavaScript,Object
Using Java Objects in JavaScript,ScriptEngineManager
Using Java Objects in JavaScript,ScriptEngine
Using Java Objects in JavaScript,Invocable
Using Java Objects in JavaScript,JavaScript
Using Java Objects in JavaScript,ArrayList
Using Java Objects in JavaScript,Class
Using Java Objects in JavaScript,IOException
Using Java Objects in JavaScript,Arrays
Using Java Objects in JavaScript,Map
How do I create an Excel document using Apache POI?,FileOutputStream
How do I create an Excel document using Apache POI?,Workbook
How do I create an Excel document using Apache POI?,Add
How do I create an Excel document using Apache POI?,Cell
How do I create an Excel document using Apache POI?,File
How do I create an Excel document using Apache POI?,Sheet
How do I create an Excel document using Apache POI?,IOException
How do I create an Excel document using Apache POI?,Row
How do I create an Excel document using Apache POI?,Document
How do I create an Excel document using Apache POI?,XSSFSheet
Draw a draggable triangle in Java,Graphics
Draw a draggable triangle in Java,Point
Draw a draggable triangle in Java,JFrame
Draw a draggable triangle in Java,Color
Draw a draggable triangle in Java,Triangle
Draw a draggable triangle in Java,JPanel
Draw a draggable triangle in Java,ActionEvent
Draw a draggable triangle in Java,Dimension
Draw a draggable triangle in Java,Object
Draw a draggable triangle in Java,AffineTransform
Take a screenshot and save as image in Java,BufferedImage
Take a screenshot and save as image in Java,File
Take a screenshot and save as image in Java,ImageIO
Take a screenshot and save as image in Java,Graphics
Take a screenshot and save as image in Java,IOException
Take a screenshot and save as image in Java,FileOutputStream
Take a screenshot and save as image in Java,ByteBuffer
Take a screenshot and save as image in Java,ArrayList
Take a screenshot and save as image in Java,Gdx
Take a screenshot and save as image in Java,Object
Load a Resource Bundle ,InputStream
Load a Resource Bundle ,Locale
Load a Resource Bundle ,IOException
Load a Resource Bundle ,Class
Load a Resource Bundle ,File
Load a Resource Bundle ,Bundle
Load a Resource Bundle ,Activate
Load a Resource Bundle ,ResourceBundle
Load a Resource Bundle ,Object
Load a Resource Bundle ,Add
Instantiate unknown class at runtime and call the object’s methods,Class
Instantiate unknown class at runtime and call the object’s methods,Method
Instantiate unknown class at runtime and call the object’s methods,Object
Instantiate unknown class at runtime and call the object’s methods,Test
Instantiate unknown class at runtime and call the object’s methods,Foo
Instantiate unknown class at runtime and call the object’s methods,Map
Instantiate unknown class at runtime and call the object’s methods,ArrayList
Instantiate unknown class at runtime and call the object’s methods,ClassA
Instantiate unknown class at runtime and call the object’s methods,File
Instantiate unknown class at runtime and call the object’s methods,HashMap
Invoke methods of an object using reflection,Object
Invoke methods of an object using reflection,Method
Invoke methods of an object using reflection,Class
Invoke methods of an object using reflection,ArrayList
Invoke methods of an object using reflection,Foo
Invoke methods of an object using reflection,Test
Invoke methods of an object using reflection,Map
Invoke methods of an object using reflection,MyClass
Invoke methods of an object using reflection,HashMap
Invoke methods of an object using reflection,Arrays
List methods of a class using Reflection ,Class
List methods of a class using Reflection ,Object
List methods of a class using Reflection ,ArrayList
List methods of a class using Reflection ,Method
List methods of a class using Reflection ,Map
List methods of a class using Reflection ,Test
List methods of a class using Reflection ,Arrays
List methods of a class using Reflection ,Foo
List methods of a class using Reflection ,Collections
List methods of a class using Reflection ,MyClass
Redirect Servlet Call to Another URL,Location
Redirect Servlet Call to Another URL,ActionSupport
Redirect Servlet Call to Another URL,InputStream
Redirect Servlet Call to Another URL,HttpURLConnection
Redirect Servlet Call to Another URL,IOException
Redirect Servlet Call to Another URL,Context
Redirect Servlet Call to Another URL,HttpServletRequest
Redirect Servlet Call to Another URL,RestTemplate
Redirect Servlet Call to Another URL,HttpServletResponse
Redirect Servlet Call to Another URL,Object
Get and Set Session Variables in a Servlet,HttpServletRequest
Get and Set Session Variables in a Servlet,HttpSession
Get and Set Session Variables in a Servlet,Filter
Get and Set Session Variables in a Servlet,IOException
Get and Set Session Variables in a Servlet,Object
Get and Set Session Variables in a Servlet,Map
Get and Set Session Variables in a Servlet,ArrayList
Get and Set Session Variables in a Servlet,Set
Get and Set Session Variables in a Servlet,HttpServletResponse
Get and Set Session Variables in a Servlet,HashMap
Get Request Parameters in a Servlet ,HttpServletRequest
Get Request Parameters in a Servlet ,IOException
Get Request Parameters in a Servlet ,HttpServletResponse
Get Request Parameters in a Servlet ,ServletException
Get Request Parameters in a Servlet ,HttpServlet
Get Request Parameters in a Servlet ,Map
Get Request Parameters in a Servlet ,Filter
Get Request Parameters in a Servlet ,Object
Get Request Parameters in a Servlet ,Class
Get Request Parameters in a Servlet ,RequestMapping
Connect to a database and read from table ,ResultSet
Connect to a database and read from table ,ArrayList
Connect to a database and read from table ,Connection
Connect to a database and read from table ,Class
Connect to a database and read from table ,Driver
Connect to a database and read from table ,DriverManager
Connect to a database and read from table ,IOException
Connect to a database and read from table ,SQLException
Connect to a database and read from table ,Object
Connect to a database and read from table ,Jsoup
creating in-memory lucene index,File
creating in-memory lucene index,Document
creating in-memory lucene index,Store
creating in-memory lucene index,Hibernate
creating in-memory lucene index,ArrayList
creating in-memory lucene index,Term
creating in-memory lucene index,Object
creating in-memory lucene index,Analyzer
creating in-memory lucene index,Map
creating in-memory lucene index,HashMap
building lucene search query,Query
building lucene search query,Occur
building lucene search query,Term
building lucene search query,BooleanQuery
building lucene search query,CharArraySet
building lucene search query,Object
building lucene search query,ComboPooledDataSource
building lucene search query,ArrayList
building lucene search query,Map
building lucene search query,Class
doing lucene search,Query
doing lucene search,Term
doing lucene search,Analyzer
doing lucene search,QueryParser
doing lucene search,StandardAnalyzer
doing lucene search,ArrayList
doing lucene search,Occur
doing lucene search,Object
doing lucene search,TermQuery
doing lucene search,HashMap
read JSON data to JSON Object Model,Object
read JSON data to JSON Object Model,ArrayList
read JSON data to JSON Object Model,Map
read JSON data to JSON Object Model,Gson
read JSON data to JSON Object Model,JSONObject
read JSON data to JSON Object Model,IOException
read JSON data to JSON Object Model,JSONArray
read JSON data to JSON Object Model,Class
read JSON data to JSON Object Model,HashMap
read JSON data to JSON Object Model,File
Connects to an rlogin daemon,Connection
Connects to an rlogin daemon,Executors
Connects to an rlogin daemon,ExecutorService
Connects to an rlogin daemon,DriverManager
Connects to an rlogin daemon,ThreadFactory
Connects to an rlogin daemon,IOException
Connects to an rlogin daemon,SQLException
Connects to an rlogin daemon,ThreadPoolExecutor
Connects to an rlogin daemon,ServletContextListener
Connects to an rlogin daemon,DataSource
execute the test cases using Test runner,Class
execute the test cases using Test runner,ArrayList
execute the test cases using Test runner,AfterClass
execute the test cases using Test runner,Test
execute the test cases using Test runner,Object
execute the test cases using Test runner,BlockJUnit
execute the test cases using Test runner,BeforeClass
execute the test cases using Test runner,RunWith
execute the test cases using Test runner,ClassRunner
execute the test cases using Test runner,Arrays
Java Compare file content,File
Java Compare file content,ArrayList
Java Compare file content,IOException
Java Compare file content,FileInputStream
Java Compare file content,BufferedReader
Java Compare file content,InputStream
Java Compare file content,Object
Java Compare file content,Map
Java Compare file content,FileReader
Java Compare file content,Comparator
Java Add comment in XML,Document
Java Add comment in XML,Element
Java Add comment in XML,Comment
Java Add comment in XML,DocumentBuilderFactory
Java Add comment in XML,File
Java Add comment in XML,Binder
Java Add comment in XML,Object
Java Add comment in XML,DocumentBuilder
Java Add comment in XML,ArrayList
Java Add comment in XML,IOException
XML How to Add CDATA data,Element
XML How to Add CDATA data,Document
XML How to Add CDATA data,DocumentBuilder
XML How to Add CDATA data,DocumentBuilderFactory
XML How to Add CDATA data,ArrayList
XML How to Add CDATA data,Object
XML How to Add CDATA data,StreamResult
XML How to Add CDATA data,File
XML How to Add CDATA data,Map
XML How to Add CDATA data,JFrame
How to Create a Shared File Lock on a File,File
How to Create a Shared File Lock on a File,IOException
How to Create a Shared File Lock on a File,FileOutputStream
How to Create a Shared File Lock on a File,FileChannel
How to Create a Shared File Lock on a File,FileLock
How to Create a Shared File Lock on a File,Object
How to Create a Shared File Lock on a File,ArrayList
How to Create a Shared File Lock on a File,ReentrantLock
How to Create a Shared File Lock on a File,Class
How to Create a Shared File Lock on a File,Button
How to Tokenize Java Source Code,Object
How to Tokenize Java Source Code,Java
How to Tokenize Java Source Code,Class
How to Tokenize Java Source Code,ArrayList
How to Tokenize Java Source Code,CommonTokenStream
How to Tokenize Java Source Code,ANTLRStringStream
How to Tokenize Java Source Code,IOException
How to Tokenize Java Source Code,File
How to Tokenize Java Source Code,Map
How to Tokenize Java Source Code,StringTokenizer
How to Visit All the Elements in a DOM Document,Document
How to Visit All the Elements in a DOM Document,Element
How to Visit All the Elements in a DOM Document,Node
How to Visit All the Elements in a DOM Document,DocumentBuilder
How to Visit All the Elements in a DOM Document,DocumentBuilderFactory
How to Visit All the Elements in a DOM Document,NodeList
How to Visit All the Elements in a DOM Document,DOMSource
How to Visit All the Elements in a DOM Document,File
How to Visit All the Elements in a DOM Document,Object
How to Visit All the Elements in a DOM Document,Transformer
Java Mail Secure POP3 Client,Message
Java Mail Secure POP3 Client,Desktop
Java Mail Secure POP3 Client,Socket
Java Mail Secure POP3 Client,IOException
Java Mail Secure POP3 Client,Object
Java Mail Secure POP3 Client,MimeMessage
Java Mail Secure POP3 Client,InputStream
Java Mail Secure POP3 Client,Client
Java Mail Secure POP3 Client,Session
Java Mail Secure POP3 Client,ArrayList
Use DSA key pair to generate XML Signature,AsnKeyParser
Use DSA key pair to generate XML Signature,AsnParser
Use DSA key pair to generate XML Signature,ComputeHash
Use DSA key pair to generate XML Signature,File
Use DSA key pair to generate XML Signature,Object
Use DSA key pair to generate XML Signature,Convert
Use DSA key pair to generate XML Signature,Map
Use DSA key pair to generate XML Signature,ArrayList
Use DSA key pair to generate XML Signature,Signature
Use DSA key pair to generate XML Signature,Document
How to Render HTML and save to Image,InputStream
How to Render HTML and save to Image,File
How to Render HTML and save to Image,BufferedImage
How to Render HTML and save to Image,Base
How to Render HTML and save to Image,ImageIO
How to Render HTML and save to Image,IOException
How to Render HTML and save to Image,Image
How to Render HTML and save to Image,Graphics
How to Render HTML and save to Image,Document
How to Render HTML and save to Image,FileOutputStream
How to Move image on screen,Graphics
How to Move image on screen,JFrame
How to Move image on screen,ActionEvent
How to Move image on screen,Dimension
How to Move image on screen,BufferedImage
How to Move image on screen,JPanel
How to Move image on screen,File
How to Move image on screen,Color
How to Move image on screen,ImageView
How to Move image on screen,ImageIO
How to Load font from ttf file,American
How to Load font from ttf file,Font
How to Load font from ttf file,BitmapFont
How to Load font from ttf file,Antialiasing
How to Load font from ttf file,Bold
How to Load font from ttf file,File
How to Load font from ttf file,Color
How to Load font from ttf file,IOException
How to Load font from ttf file,InputStream
How to Load font from ttf file,Object
How to create a server socket,Socket
How to create a server socket,BufferedReader
How to create a server socket,IOException
How to create a server socket,Connection
How to create a server socket,Server
How to create a server socket,InetSocketAddress
How to create a server socket,InputStream
How to create a server socket,File
How to create a server socket,ServerSocket
How to create a server socket,SSLContext
How to Sort a Map by values,Map
How to Sort a Map by values,Comparator
How to Sort a Map by values,HashMap
How to Sort a Map by values,ArrayList
How to Sort a Map by values,TreeMap
How to Sort a Map by values,Collections
How to Sort a Map by values,Object
How to Sort a Map by values,Arrays
How to Sort a Map by values,Set
How to Sort a Map by values,Class
How to Store properties as XML file,File
How to Store properties as XML file,Properties
How to Store properties as XML file,InputStream
How to Store properties as XML file,FileInputStream
How to Store properties as XML file,ArrayList
How to Store properties as XML file,Document
How to Store properties as XML file,IOException
How to Store properties as XML file,Map
How to Store properties as XML file,Object
How to Store properties as XML file,DocumentBuilderFactory
Passing Parameters from Java Code to Scripts,Object
Passing Parameters from Java Code to Scripts,ArrayList
Passing Parameters from Java Code to Scripts,Class
Passing Parameters from Java Code to Scripts,Map
Passing Parameters from Java Code to Scripts,Java
Passing Parameters from Java Code to Scripts,File
Passing Parameters from Java Code to Scripts,Test
Passing Parameters from Java Code to Scripts,Method
Passing Parameters from Java Code to Scripts,IOException
Passing Parameters from Java Code to Scripts,HashMap
How to Create thumbnail views of images,BufferedImage
How to Create thumbnail views of images,View
How to Create thumbnail views of images,Image
How to Create thumbnail views of images,ImageIO
How to Create thumbnail views of images,File
How to Create thumbnail views of images,ImageView
How to Create thumbnail views of images,Object
How to Create thumbnail views of images,Bundle
How to Create thumbnail views of images,ArrayList
How to Create thumbnail views of images,IOException
How to Capture image from webcam in java,File
How to Capture image from webcam in java,BufferedImage
How to Capture image from webcam in java,Auto
How to Capture image from webcam in java,Color
How to Capture image from webcam in java,Device
How to Capture image from webcam in java,Pattern
How to Capture image from webcam in java,Object
How to Capture image from webcam in java,IOException
How to Capture image from webcam in java,AlphaComposite
How to Capture image from webcam in java,ArrayList
Java Graphics How to Rotate Shape,Graphics
Java Graphics How to Rotate Shape,Color
Java Graphics How to Rotate Shape,JFrame
Java Graphics How to Rotate Shape,JPanel
Java Graphics How to Rotate Shape,AffineTransform
Java Graphics How to Rotate Shape,Dimension
Java Graphics How to Rotate Shape,BufferedImage
Java Graphics How to Rotate Shape,RenderingHints
Java Graphics How to Rotate Shape,Object
Java Graphics How to Rotate Shape,ArrayList
How to Load an image and write text to it,File
How to Load an image and write text to it,IOException
How to Load an image and write text to it,BufferedImage
How to Load an image and write text to it,ImageIO
How to Load an image and write text to it,FileOutputStream
How to Load an image and write text to it,Image
How to Load an image and write text to it,JFrame
How to Load an image and write text to it,BufferedReader
How to Load an image and write text to it,Object
How to Load an image and write text to it,FileWriter
Parsing an XML File Using SAX,File
Parsing an XML File Using SAX,Attributes
Parsing an XML File Using SAX,InputSource
Parsing an XML File Using SAX,SAXException
Parsing an XML File Using SAX,Document
Parsing an XML File Using SAX,Element
Parsing an XML File Using SAX,IOException
Parsing an XML File Using SAX,ArrayList
Parsing an XML File Using SAX,DefaultHandler
Parsing an XML File Using SAX,SimpleDateFormat
How to create a digital signature and sign data?,ArrayList
How to create a digital signature and sign data?,Base
How to create a digital signature and sign data?,Attributes
How to create a digital signature and sign data?,AnnotationDescription
How to create a digital signature and sign data?,Object
How to create a digital signature and sign data?,CMSProcessableByteArray
How to create a digital signature and sign data?,Info
How to create a digital signature and sign data?,Map
How to create a digital signature and sign data?,IOException
How to create a digital signature and sign data?,SignerInfo
How to add text node to an element,Element
How to add text node to an element,Document
How to add text node to an element,Node
How to add text node to an element,ArrayList
How to add text node to an element,NodeList
How to add text node to an element,Object
How to add text node to an element,JFrame
How to add text node to an element,DocumentBuilderFactory
How to add text node to an element,JPanel
How to add text node to an element,File
How to create comments node for XML,Document
How to create comments node for XML,Element
How to create comments node for XML,Node
How to create comments node for XML,Comment
How to create comments node for XML,File
How to create comments node for XML,StreamResult
How to create comments node for XML,Class
How to create comments node for XML,Object
How to create comments node for XML,Admin
How to create comments node for XML,IOException
How to change a specific element using XPath,Element
How to change a specific element using XPath,JFrame
How to change a specific element using XPath,WebElement
How to change a specific element using XPath,Object
How to change a specific element using XPath,JScrollPane
How to change a specific element using XPath,ArrayList
How to change a specific element using XPath,XPathConstants
How to change a specific element using XPath,Color
How to change a specific element using XPath,Node
How to change a specific element using XPath,MouseAdapter
How to use a StAX parser,XMLStreamReader
How to use a StAX parser,Object
How to use a StAX parser,ClasspathResource
How to use a StAX parser,XMLResolver
How to use a StAX parser,Document
How to use a StAX parser,XMLStreamException
How to use a StAX parser,XMLInputFactory
How to use a StAX parser,ContentDriver
How to use a StAX parser,Element
How to use a StAX parser,CustomResolver
How to serialize JSON Object,ObjectMapper
How to serialize JSON Object,Gson
How to serialize JSON Object,IOException
How to serialize JSON Object,Map
How to serialize JSON Object,Object
How to serialize JSON Object,ObjectOutputStream
How to serialize JSON Object,ArrayList
How to serialize JSON Object,JSONObject
How to serialize JSON Object,Serializable
How to serialize JSON Object,HashMap
Read JSON Array,ArrayList
Read JSON Array,JSONObject
Read JSON Array,JSONArray
Read JSON Array,Gson
Read JSON Array,IOException
Read JSON Array,Object
Read JSON Array,Map
Read JSON Array,Scanner
Read JSON Array,Arrays
Read JSON Array,File
How to search for HTML/XML comments,Document
How to search for HTML/XML comments,DocumentBuilderFactory
How to search for HTML/XML comments,Elements
How to search for HTML/XML comments,Comment
How to search for HTML/XML comments,File
How to search for HTML/XML comments,Accept
How to search for HTML/XML comments,Auto
How to search for HTML/XML comments,Element
How to search for HTML/XML comments,IOException
How to search for HTML/XML comments,BufferedInputStream
How to use hashmap properties with JAXB,XmlElement
How to use hashmap properties with JAXB,Map
How to use hashmap properties with JAXB,XmlRootElement
How to use hashmap properties with JAXB,QName
How to use hashmap properties with JAXB,Object
How to use hashmap properties with JAXB,HashMap
How to use hashmap properties with JAXB,ArrayList
How to use hashmap properties with JAXB,JAXBContext
How to use hashmap properties with JAXB,Properties
How to use hashmap properties with JAXB,XmlAnyAttribute
How do I create a web based file upload?,File
How do I create a web based file upload?,IOException
How do I create a web based file upload?,InputStream
How do I create a web based file upload?,FileOutputStream
How do I create a web based file upload?,Base
How do I create a web based file upload?,FileInputStream
How do I create a web based file upload?,ArrayList
How do I create a web based file upload?,Class
How do I create a web based file upload?,Object
How do I create a web based file upload?,HttpServletRequest
How to shear Shape?,Graphics
How to shear Shape?,Color
How to shear Shape?,JFrame
How to shear Shape?,JPanel
How to shear Shape?,Shape
How to shear Shape?,Dimension
How to shear Shape?,Rectangle
How to shear Shape?,Ellipse
How to shear Shape?,SwingUtilities
How to shear Shape?,BufferedImage
How to transform ellipse,Ellipse
How to transform ellipse,TransformerFactory
How to transform ellipse,StreamResult
How to transform ellipse,AffineTransform
How to transform ellipse,Transformer
How to transform ellipse,Dimension
How to transform ellipse,Graphics
How to transform ellipse,Function
How to transform ellipse,JFrame
How to transform ellipse,Transform
How to write text onto image,File
How to write text onto image,IOException
How to write text onto image,BufferedImage
How to write text onto image,ImageIO
How to write text onto image,Color
How to write text onto image,FileWriter
How to write text onto image,JFrame
How to write text onto image,FileOutputStream
How to write text onto image,Image
How to write text onto image,ArrayList
How to change text color with CSS for Label?,Color
How to change text color with CSS for Label?,JFrame
How to change text color with CSS for Label?,JLabel
How to change text color with CSS for Label?,Application
How to change text color with CSS for Label?,ActionEvent
How to change text color with CSS for Label?,JPanel
How to change text color with CSS for Label?,ActionListener
How to change text color with CSS for Label?,IOException
How to change text color with CSS for Label?,Object
How to change text color with CSS for Label?,SwingUtilities
How to draw text content to Image?,Graphics
How to draw text content to Image?,BufferedImage
How to draw text content to Image?,Color
How to draw text content to Image?,JFrame
How to draw text content to Image?,File
How to draw text content to Image?,ImageIO
How to draw text content to Image?,IOException
How to draw text content to Image?,JPanel
How to draw text content to Image?,ArrayList
How to draw text content to Image?,Image
Java Mail POP3 Client,Message
Java Mail POP3 Client,Desktop
Java Mail POP3 Client,Socket
Java Mail POP3 Client,IOException
Java Mail POP3 Client,Object
Java Mail POP3 Client,MimeMessage
Java Mail POP3 Client,InputStream
Java Mail POP3 Client,Client
Java Mail POP3 Client,Session
Java Mail POP3 Client,ArrayList
How do I delete file from FTP server?,File
How do I delete file from FTP server?,FTPClient
How do I delete file from FTP server?,InputStream
How do I delete file from FTP server?,FileInputStream
How do I delete file from FTP server?,IOException
How do I delete file from FTP server?,FileOutputStream
How do I delete file from FTP server?,OutputStream
How do I delete file from FTP server?,ArrayList
How do I delete file from FTP server?,BufferedReader
How do I delete file from FTP server?,Cookie
Get Email Header,Object
Get Email Header,Session
Get Email Header,MimeMessage
Get Email Header,JTable
Get Email Header,Content
Get Email Header,JScrollPane
Get Email Header,Message
Get Email Header,Properties
Get Email Header,InternetAddress
Get Email Header,IOException
Add Extra Page To Existing PDF,PdfContentByte
Add Extra Page To Existing PDF,Document
Add Extra Page To Existing PDF,PdfReader
Add Extra Page To Existing PDF,IOException
Add Extra Page To Existing PDF,ArrayList
Add Extra Page To Existing PDF,FileOutputStream
Add Extra Page To Existing PDF,File
Add Extra Page To Existing PDF,DocumentException
Add Extra Page To Existing PDF,Object
Add Extra Page To Existing PDF,Query
Simple Annotations with Another PDF document,Document
Simple Annotations with Another PDF document,FileOutputStream
Simple Annotations with Another PDF document,Entity
Simple Annotations with Another PDF document,AddAnnotation
Simple Annotations with Another PDF document,File
Simple Annotations with Another PDF document,Acct
Simple Annotations with Another PDF document,AffineTransform
Simple Annotations with Another PDF document,IOException
Simple Annotations with Another PDF document,Object
Simple Annotations with Another PDF document,Column
Adding AWT Image to PDF with Color,BufferedImage
Adding AWT Image to PDF with Color,Image
Adding AWT Image to PDF with Color,ImageIO
Adding AWT Image to PDF with Color,File
Adding AWT Image to PDF with Color,BaseColor
Adding AWT Image to PDF with Color,Graphics
Adding AWT Image to PDF with Color,IOException
Adding AWT Image to PDF with Color,Color
Adding AWT Image to PDF with Color,JFrame
Adding AWT Image to PDF with Color,Chunk
How do I move a file in JDK 7?,Files
How do I move a file in JDK 7?,File
How do I move a file in JDK 7?,Path
How do I move a file in JDK 7?,FileInputStream
How do I move a file in JDK 7?,IOException
How do I move a file in JDK 7?,JFrame
How do I move a file in JDK 7?,FileOutputStream
How do I move a file in JDK 7?,Java
How do I move a file in JDK 7?,InputStream
How do I move a file in JDK 7?,Graphics
Add Watermark Image to an Existing PDF File,File
Add Watermark Image to an Existing PDF File,IOException
Add Watermark Image to an Existing PDF File,BufferedImage
Add Watermark Image to an Existing PDF File,FileOutputStream
Add Watermark Image to an Existing PDF File,Document
Add Watermark Image to an Existing PDF File,Image
Add Watermark Image to an Existing PDF File,ArrayList
Add Watermark Image to an Existing PDF File,Object
Add Watermark Image to an Existing PDF File,PdfContentByte
Add Watermark Image to an Existing PDF File,InputStream
Adding Bookmarks for PDF document,HashMap
Adding Bookmarks for PDF document,Document
Adding Bookmarks for PDF document,Kids
Adding Bookmarks for PDF document,FileOutputStream
Adding Bookmarks for PDF document,File
Adding Bookmarks for PDF document,PdfWriter
Adding Bookmarks for PDF document,Object
Adding Bookmarks for PDF document,IOException
Adding Bookmarks for PDF document,PDPage
Adding Bookmarks for PDF document,ArrayList
Copy and paste data with the clipboard,Clipboard
Copy and paste data with the clipboard,DataFlavor
Copy and paste data with the clipboard,Object
Copy and paste data with the clipboard,Toolkit
Copy and paste data with the clipboard,FileOutputStream
Copy and paste data with the clipboard,ArrayList
Copy and paste data with the clipboard,File
Copy and paste data with the clipboard,CopyAction
Copy and paste data with the clipboard,IOException
Copy and paste data with the clipboard,InputStream
Connect with a Web server,IOException
Connect with a Web server,Connection
Connect with a Web server,File
Connect with a Web server,Socket
Connect with a Web server,Server
Connect with a Web server,InputStream
Connect with a Web server,XMLSchema
Connect with a Web server,Object
Connect with a Web server,DriverManager
Connect with a Web server,HttpGet
Connects to an rshell daemon,Connection
Connects to an rshell daemon,Executors
Connects to an rshell daemon,ExecutorService
Connects to an rshell daemon,DriverManager
Connects to an rshell daemon,ThreadFactory
Connects to an rshell daemon,IOException
Connects to an rshell daemon,SQLException
Connects to an rshell daemon,ThreadPoolExecutor
Connects to an rshell daemon,ServletContextListener
Connects to an rshell daemon,DataSource
Generate a DSA signature,AsnKeyParser
Generate a DSA signature,AsnParser
Generate a DSA signature,ComputeHash
Generate a DSA signature,Convert
Generate a DSA signature,Object
Generate a DSA signature,ConvertToP
Generate a DSA signature,Signature
Generate a DSA signature,Copy
Generate a DSA signature,Class
Generate a DSA signature,Map
POSTing data to an HTTP server,Content
POSTing data to an HTTP server,InputStream
POSTing data to an HTTP server,IOException
POSTing data to an HTTP server,HttpResponse
POSTing data to an HTTP server,HttpPost
POSTing data to an HTTP server,DefaultHttpClient
POSTing data to an HTTP server,ArrayList
POSTing data to an HTTP server,Accept
POSTing data to an HTTP server,Object
POSTing data to an HTTP server,JSONObject
Get session from request,HttpSession
Get session from request,FacesContext
Get session from request,HttpServletRequest
Get session from request,HttpServletResponse
Get session from request,Object
Get session from request,Map
Get session from request,Cookie
Get session from request,Intent
Get session from request,IOException
Get session from request,Session
Adding Drop Shadow to a Shape,Canvas
Adding Drop Shadow to a Shape,Color
Adding Drop Shadow to a Shape,Graphics
Adding Drop Shadow to a Shape,JFrame
Adding Drop Shadow to a Shape,JPanel
Adding Drop Shadow to a Shape,Dimension
Adding Drop Shadow to a Shape,DropShadowBorder
Adding Drop Shadow to a Shape,BufferedImage
Adding Drop Shadow to a Shape,DataFlavor
Adding Drop Shadow to a Shape,Object
Uses serialization to perform deep copy cloning.,Object
Uses serialization to perform deep copy cloning.,Foo
Uses serialization to perform deep copy cloning.,ArrayList
Uses serialization to perform deep copy cloning.,Cloner
Uses serialization to perform deep copy cloning.,AtomicLong
Uses serialization to perform deep copy cloning.,Bar
Uses serialization to perform deep copy cloning.,IOException
Uses serialization to perform deep copy cloning.,Serializable
Uses serialization to perform deep copy cloning.,ByteBuffer
Uses serialization to perform deep copy cloning.,Arrays
Execute Javascript script in a file,File
Execute Javascript script in a file,BufferedReader
Execute Javascript script in a file,Main
Execute Javascript script in a file,InputStreamReader
Execute Javascript script in a file,IOException
Execute Javascript script in a file,Java
Execute Javascript script in a file,Object
Execute Javascript script in a file,Class
Execute Javascript script in a file,HtmlPage
Execute Javascript script in a file,InputStream
Listing All Script Engines,ArrayList
Listing All Script Engines,ScriptEngineFactory
Listing All Script Engines,ScriptEngineManager
Listing All Script Engines,Alias
Listing All Script Engines,IOException
Listing All Script Engines,Object
Listing All Script Engines,Key
Listing All Script Engines,File
Listing All Script Engines,Collection
Listing All Script Engines,HttpServletRequest
Pass parameter to JavaScript through Java code,Object
Pass parameter to JavaScript through Java code,ArrayList
Pass parameter to JavaScript through Java code,Class
Pass parameter to JavaScript through Java code,Map
Pass parameter to JavaScript through Java code,Java
Pass parameter to JavaScript through Java code,JavaScript
Pass parameter to JavaScript through Java code,Arrays
Pass parameter to JavaScript through Java code,IOException
Pass parameter to JavaScript through Java code,Test
Pass parameter to JavaScript through Java code,ScriptEngine
How do I upload file to FTP server?,InputStream
How do I upload file to FTP server?,File
How do I upload file to FTP server?,FileInputStream
How do I upload file to FTP server?,IOException
How do I upload file to FTP server?,FTPClient
How do I upload file to FTP server?,Content
How do I upload file to FTP server?,OutputStream
How do I upload file to FTP server?,BufferedReader
How do I upload file to FTP server?,Disposition
How do I upload file to FTP server?,FileOutputStream
Read and execute a script source file,File
Read and execute a script source file,BufferedReader
Read and execute a script source file,InputStreamReader
Read and execute a script source file,InputStream
Read and execute a script source file,Main
Read and execute a script source file,IOException
Read and execute a script source file,Object
Read and execute a script source file,Java
Read and execute a script source file,Class
Read and execute a script source file,FileReader
XML How to Fetch data from the Web,Document
XML How to Fetch data from the Web,ServletContext
XML How to Fetch data from the Web,Context
XML How to Fetch data from the Web,Element
XML How to Fetch data from the Web,File
XML How to Fetch data from the Web,Object
XML How to Fetch data from the Web,Consumes
XML How to Fetch data from the Web,ArrayList
XML How to Fetch data from the Web,IOException
XML How to Fetch data from the Web,WebServlet
Determining operating system support for attribute views,ArrayList
Determining operating system support for attribute views,BufferedImage
Determining operating system support for attribute views,UIManager
Determining operating system support for attribute views,Image
Determining operating system support for attribute views,Object
Determining operating system support for attribute views,Comparator
Determining operating system support for attribute views,FragmentPagerAdapter
Determining operating system support for attribute views,File
Determining operating system support for attribute views,Class
Determining operating system support for attribute views,RemoteViews
Change label border with CSS (Smart GWT),JLabel
Change label border with CSS (Smart GWT),Application
Change label border with CSS (Smart GWT),Color
Change label border with CSS (Smart GWT),Label
Change label border with CSS (Smart GWT),ClickEvent
Change label border with CSS (Smart GWT),JFrame
Change label border with CSS (Smart GWT),JPanel
Change label border with CSS (Smart GWT),PaintListener
Change label border with CSS (Smart GWT),Element
Change label border with CSS (Smart GWT),ActionEvent
Servlet: Session bind listener,Action
Servlet: Session bind listener,Async
Servlet: Session bind listener,HttpSessionListener
Servlet: Session bind listener,ActionEvent
Servlet: Session bind listener,Object
Servlet: Session bind listener,Controller
Servlet: Session bind listener,ManagedBean
Servlet: Session bind listener,Map
Servlet: Session bind listener,HttpSession
Servlet: Session bind listener,JComponent
Basic Authentication For JSP Page,Add
Basic Authentication For JSP Page,Authorization
Basic Authentication For JSP Page,Basic
Basic Authentication For JSP Page,Connector
Basic Authentication For JSP Page,HttpServletRequest
Basic Authentication For JSP Page,Convert
Basic Authentication For JSP Page,IOException
Basic Authentication For JSP Page,Encoding
Basic Authentication For JSP Page,ArrayList
Basic Authentication For JSP Page,Query
Checking Read/Write Permission for a Directory,File
Checking Read/Write Permission for a Directory,IOException
Checking Read/Write Permission for a Directory,ArrayList
Checking Read/Write Permission for a Directory,FileOutputStream
Checking Read/Write Permission for a Directory,BufferedReader
Checking Read/Write Permission for a Directory,FileInputStream
Checking Read/Write Permission for a Directory,Object
Checking Read/Write Permission for a Directory,InputStream
Checking Read/Write Permission for a Directory,Account
Checking Read/Write Permission for a Directory,Djava
Listing All Permissions Granted to a Loaded Class,FilePermission
Listing All Permissions Granted to a Loaded Class,PropertyPermission
Listing All Permissions Granted to a Loaded Class,HashMap
Listing All Permissions Granted to a Loaded Class,ArrayList
Listing All Permissions Granted to a Loaded Class,Object
Listing All Permissions Granted to a Loaded Class,File
Listing All Permissions Granted to a Loaded Class,Map
Listing All Permissions Granted to a Loaded Class,Djava
Listing All Permissions Granted to a Loaded Class,AccessController
Listing All Permissions Granted to a Loaded Class,Class
Adding Paragraph to a PDF Page,Paragraph
Adding Paragraph to a PDF Page,Chunk
Adding Paragraph to a PDF Page,Document
Adding Paragraph to a PDF Page,FileOutputStream
Adding Paragraph to a PDF Page,ArrayList
Adding Paragraph to a PDF Page,PdfWriter
Adding Paragraph to a PDF Page,IOException
Adding Paragraph to a PDF Page,BaseColor
Adding Paragraph to a PDF Page,Cost
Adding Paragraph to a PDF Page,Query
Signing a Java Object,Object
Signing a Java Object,Dog
Signing a Java Object,Certificate
Signing a Java Object,ArrayList
Signing a Java Object,AccessController
Signing a Java Object,Java
Signing a Java Object,IOException
Signing a Java Object,Class
Signing a Java Object,Map
Signing a Java Object,File
Generating a Message Authentication Code (MAC),Java
Generating a Message Authentication Code (MAC),File
Generating a Message Authentication Code (MAC),John
Generating a Message Authentication Code (MAC),Random
Generating a Message Authentication Code (MAC),ArrayList
Generating a Message Authentication Code (MAC),Authenticator
Generating a Message Authentication Code (MAC),IOException
Generating a Message Authentication Code (MAC),Contents
Generating a Message Authentication Code (MAC),Object
Generating a Message Authentication Code (MAC),Class
Execute a command from code,File
Execute a command from code,BufferedReader
Execute a command from code,Test
Execute a command from code,Object
Execute a command from code,InputStreamReader
Execute a command from code,FileInputStream
Execute a command from code,IOException
Execute a command from code,Class
Execute a command from code,OutputStream
Execute a command from code,Main
Simulate a mouse click,ActionEvent
Simulate a mouse click,CFRelease
Simulate a mouse click,MouseEvent
Simulate a mouse click,Robot
Simulate a mouse click,JFrame
Simulate a mouse click,AbstractAction
Simulate a mouse click,JButton
Simulate a mouse click,CGEventCreate
Simulate a mouse click,JPanel
Simulate a mouse click,MouseAdapter
