Getting the current date and time of the timezone,java.util.Calendar.getInstance
Getting the current date and time of the timezone,java.time.ZonedDateTime.now
Getting the current date and time of the timezone,java.util.TimeZone.getTimeZone
Getting the current date and time of the timezone,java.util.TimeZone.getDefault
Getting the current date and time of the timezone,java.time.LocalDate.now
Getting the current date and time of the timezone,java.lang.System.currentTimeMillis
Getting the current date and time of the timezone,java.time.Instant.now
Getting the current date and time of the timezone,java.time.LocalDateTime.now
Getting the current date and time of the timezone,java.time.ZoneId.systemDefault
Getting the current date and time of the timezone,java.util.GregorianCalendar.getActualMaximum
How to sort two fields (date and boolean) comparator in Java,java.util.Arrays.sort
How to sort two fields (date and boolean) comparator in Java,java.util.Collections.sort
How to sort two fields (date and boolean) comparator in Java,java.util.Date.compareTo
How to sort two fields (date and boolean) comparator in Java,java.time.LocalDate.equals
How to sort two fields (date and boolean) comparator in Java,java.time.LocalDate.compareTo
How to sort two fields (date and boolean) comparator in Java,java.util.Arrays.equals
How to sort two fields (date and boolean) comparator in Java,java.time.LocalDate.isBefore
How to sort two fields (date and boolean) comparator in Java,java.time.LocalDate.isAfter
How to sort two fields (date and boolean) comparator in Java,java.time.LocalDate.isEqual
How to sort two fields (date and boolean) comparator in Java,java.lang.String.compareTo
How to get an accessible method list of a specific class,java.lang.Class.getDeclaredMethods
How to get an accessible method list of a specific class,java.lang.Class.forName
How to get an accessible method list of a specific class,java.lang.Class.getMethods
How to get an accessible method list of a specific class,java.util.List.toArray
How to get an accessible method list of a specific class,java.lang.Throwable.getStackTrace
How to get an accessible method list of a specific class,java.util.Collections.fill
How to get an accessible method list of a specific class,java.lang.Thread.getStackTrace
How to get an accessible method list of a specific class,java.util.Arrays.asList
How to get an accessible method list of a specific class,java.lang.invoke.LambdaMetafactory.metafactory
How to get an accessible method list of a specific class,java.util.ArrayList.add
How to parse a number to double,java.lang.Integer.parseInt
How to parse a number to double,java.lang.Double.parseDouble
How to parse a number to double,java.lang.Double.valueOf
How to parse a number to double,java.lang.Integer.valueOf
How to parse a number to double,java.math.BigDecimal.valueOf
How to parse a number to double,java.text.NumberFormat.parse
How to parse a number to double,java.lang.String.toCharArray
How to parse a number to double,java.lang.Float.parseFloat
How to parse a number to double,java.lang.Double.toString
How to parse a number to double,java.util.Scanner.nextDouble
How can I get the index of a single character in a string,java.lang.String.charAt
How can I get the index of a single character in a string,java.lang.String.indexOf
How can I get the index of a single character in a string,java.lang.String.toCharArray
How can I get the index of a single character in a string,java.lang.String.split
How can I get the index of a single character in a string,java.lang.StringBuilder.append
How can I get the index of a single character in a string,java.lang.StringBuilder.deleteCharAt
How can I get the index of a single character in a string,java.lang.Character.codePointAt
How can I get the index of a single character in a string,java.util.Arrays.toString
How can I get the index of a single character in a string,java.lang.StringBuilder.toString
How can I get the index of a single character in a string,java.lang.String.replace
Loading a BufferedImage ,javax.imageio.ImageIO.read
Loading a BufferedImage ,java.awt.Graphics.drawImage
Loading a BufferedImage ,java.awt.image.AffineTransformOp.filter
Loading a BufferedImage ,javax.imageio.ImageIO.write
Loading a BufferedImage ,java.awt.geom.AffineTransform.rotate
Loading a BufferedImage ,java.awt.Graphics2D.setRenderingHint
Loading a BufferedImage ,java.lang.System.arraycopy
Loading a BufferedImage ,java.lang.ClassLoader.getResourceAsStream
Loading a BufferedImage ,javax.swing.JLabel.setIcon
Loading a BufferedImage ,java.awt.Window.pack
how to create a new file,org.w3c.dom.Document.importNode
how to create a new file,java.nio.channels.FileChannel.open
how to create a new file,java.nio.file.Files.write
how to create a new file,java.nio.file.Files.newByteChannel
how to create a new file,java.nio.file.Files.createDirectory
how to create a new file,java.io.File.createNewFile
how to create a new file,java.nio.file.Files.newOutputStream
how to create a new file,java.nio.file.Paths.get
how to create a new file,java.nio.file.Files.newBufferedWriter
how to create a new file,java.nio.file.Files.createDirectories
How to insert values into Map,java.util.Map.values
How to insert values into Map,java.util.HashMap.put
How to insert values into Map,java.util.Map.put
How to insert values into Map,java.sql.Statement.executeUpdate
How to insert values into Map,java.util.Map.get
How to insert values into Map,java.sql.Connection.prepareStatement
How to insert values into Map,java.util.Arrays.toString
How to insert values into Map,java.sql.PreparedStatement.executeUpdate
How to insert values into Map,java.sql.Statement.executeBatch
How to insert values into Map,java.sql.PreparedStatement.addBatch
How to obtain part of an array,java.lang.System.arraycopy
How to obtain part of an array,java.lang.Integer.valueOf
How to obtain part of an array,java.util.Arrays.toString
How to obtain part of an array,java.lang.Class.forName
How to obtain part of an array,java.util.List.toArray
How to obtain part of an array,java.util.Arrays.copyOfRange
How to obtain part of an array,java.util.ArrayList.toArray
How to obtain part of an array,java.lang.String.split
How to obtain part of an array,java.lang.String.valueOf
How to obtain part of an array,java.util.ArrayList.indexOf
