    ,query                                                                         ,api
0   ,How do I format a number in Java                                              ,"IOException,FileInputStream,FileOutputStream,DecimalFormatSymbols,Number,FileWriter,DecimalFormat,MessageFormat,Locale,ParseException,NumberFormat,GZipOutputStream,Scanner,FileReader"
1   ,How do I clone a generic List in Java                                         ,ArrayUtils
2   ,How do you compare two version Strings in Java                                ,"File,DateFormat,Date,FileInputStream,Calendar,SimpleDateFormat"
3   ,How do I count the number of occurrences of a char in a String                ,"Matcher,CharacterIterator,Pattern,StringCharacterIterator"
4   ,How do I get the last character of a string                                   ,"StringBuilder,CharacterIterator,SeekableByteChannel,MessageDigest,StandardOpenOption,FileChannel,StringCharacterIterator,ByteBuffer"
5   ,Executing Shell script from Java code                                         ,"Runtime,ScriptEngineFactory,ScriptEngineManager,Process"
6   ,Generating 10 digits unique random number in java                             ,"IntStream,DigestUtils,InputStream,FileInputStream,SecureRandom"
7   ,Load a resource in Jar                                                        ,"Enumeration,ResourceBundle"
8   ,How do I convert a String to an int in Java                                   ,"DateFormat,Date,BufferedReader,BufferedWriter,DateTimeFormatter,LocalDate,Calendar,SimpleDateFormat"
9   ,How can I convert a String to a char array                                    ,"DateFormat,Date,DateTimeFormatter,LocalDate,Calendar,SimpleDateFormat"
10  ,How can I parse the string to Double                                          ,"DateFormat,Date,LocalDateTime,DateTimeFormatter,LocalDate,Calendar,LocalTime,SimpleDateFormat"
11  ,Running a Command Prompt from a Java program in Windows                       ,"Runtime,Process"
12  ,How do I remove a character from a String                                     ,"FileChannel,StringCharacterIterator,Document,CharacterIterator,NamedNodeMap,SeekableByteChannel,StandardOpenOption,File,DocumentBuilderFactory,Element,ByteBuffer"
13  ,How can I iterate over a string in Java                                       ,"StringCharacterIterator,CharacterIterator"
14  ,Get all methods of an Interface or Abstract class using Reflection            ,"Class,Method"
15  ,convert timestamp to date                                                     ,"DateFormat,Date,DateTimeFormatter,LocalDate,Calendar,SimpleDateFormat,TimeZone"
16  ,Executing a Command from Java and Waiting for the Command to Finish           ,"Runtime,Process"
17  ,Java Byte Array to String to Byte Array                                       ,"Deflater,ByteArrayOutputStream,FileInputStream,DeflaterOutputStream,FileOutputStream"
18  ,Generate random numbers in increments                                         ,"IntStream,SecureRandom"
19  ,Generate Random Number in 2D Array                                            ,"IntStream,SecureRandom"
20  ,How can I calculate the SHA-256 hash of a string in Android                   ,"DigestUtils,Period,InputStream,LocalDate,ChronoUnit"
21  ,Generate Random Integer from Min to Max                                       ,"IntStream,SecureRandom"
22  ,How can I convert string to double                                            ,"DateFormat,Date,DateTimeFormatter,LocalDate,Calendar,SimpleDateFormat"
23  ,How do I get generate an IP address range given start and end IP address      ,"InetAddress,UnknownHostException"
24  ,Connecting MS SQL database to a Java program                                  ,"DriverManager,ResultSet,Connection,Statement,PreparedStatement"
25  ,Converting Calendar date to string                                            ,"DateFormat,Date,DateTimeFormatter,LocalDate,Calendar,SimpleDateFormat,TimeZone"
26  ,Generate random numbers between two numbers                                   ,"IntStream,SecureRandom"
27  ,How do I calculate the difference of two angle measures                       ,"Period,LocalDate,ChronoUnit"
28  ,How to check if a string is a number                                          ,"FileSystem,DateFormat,FileSystemProvider,SimpleDateFormat"
29  ,Implementing the equals method in java                                        ,"EqualsBuilder,HashCodeBuilder"
30  ,How can I check each character in a character array                           ,"StringCharacterIterator,CharacterIterator,FileSystem,FileSystemProvider"
31  ,Load all images from folder in Android                                        ,"Dimension,BufferedImage,SwingUtilities,ImageIO,JFrame"
32  ,How can I find the number of years between two dates                          ,"DateFormat,Date,Period,LocalDate,Calendar,Instant,ChronoUnit,SimpleDateFormat,Duration,LocalDateTime,LocalTime"
33  ,How can I format a number to the fixed locale                                 ,"Number,Locale,ParseException,NumberFormat"
34  ,append a char to a JTextArea                                                  ,"BufferedOutputStream,FileOutputStream,PrintStream,File"
35  ,How can I convert double to string in Java ME                                 ,"DateFormat,Date,DateTimeFormatter,LocalDate,Calendar,SimpleDateFormat"
36  ,Byte array in java                                                            ,"Deflater,ByteArrayOutputStream,FileInputStream,DeflaterOutputStream,FileOutputStream"
37  ,How to convert a char to a String                                             ,"DateFormat,Date,DateTimeFormatter,LocalDate,Calendar,SimpleDateFormat"
38  ,Print String as Bytes                                                         ,"DataInputStream,ByteArrayOutputStream"
39  ,How to read properties from xml file with java                                ,"FileOutputStream,Properties"
40  ,How do you use math.random to generate random ints                            ,"IntStream,SecureRandom"
41  ,Find angle of a point from center of circle                                   ,"FontMetrics,Graphics2D,Dimension,Graphics,BorderLayout,JFrame"
42  ,Generating a random double number of a certain range in Java                  ,"IntStream,DigestUtils,InputStream,FileInputStream,SecureRandom"
43  ,Format a string which contains numbers                                        ,"MessageFormat,Locale"
44  ,How can I read comments from a Zip file                                       ,"Document,ZipEntry,ZipFile,Enumeration,Comment,Element"
45  ,Convert String from a XML to Java Code                                        ,"JAXBException,JAXBContext,Marshaller,File"
46  ,How to convert string to long                                                 ,"DateFormat,Date,DateTimeFormatter,LocalDate,Calendar,SimpleDateFormat"
47  ,How to run a mvn command from a java program                                  ,"Runtime,Process"
48  ,firing a command in terminal from java program                                ,"Runtime,Process"
49  ,How do I count the number of words in a text using regex                      ,"Matcher,Pattern"
50  ,How do I count the number of words in a string                                ,"Matcher,CharacterIterator,Pattern,StringCharacterIterator"
51  ,How do I convert a number to a letter in Java                                 ,"DateFormat,Date,DateTimeFormatter,LocalDate,Number,Calendar,SimpleDateFormat,DecimalFormat,Locale,ParseException,NumberFormat"
52  ,How can I convert string to double in Java Servlet                            ,"DateFormat,Date,DateTimeFormatter,LocalDate,HttpSessionBindingListener,Calendar,SimpleDateFormat,HttpSession"
53  ,How to run linux command from java code                                       ,"Runtime,Process"
54  ,How to convert string to string array in java                                 ,"DateFormat,Date,DateTimeFormatter,LocalDate,Calendar,SimpleDateFormat"
55  ,Executing multiple command shell from java                                    ,"FileLock,Process,FileChannel,Runtime,RandomAccessFile"
56  ,How to add an element to Array and shift indexes                              ,"DocumentBuilder,Document,Element"
57  ,Find difference between two Strings                                           ,"Instant,Duration,LocalDateTime,LocalTime"
58  ,Execute a linux terminal command in java                                      ,"Runtime,Process"
59  ,Convert millisecond String to Date in Java                                    ,"DateFormat,Date,DateTimeFormatter,LocalDate,Calendar,SimpleDateFormat,TimeZone"
60  ,Uncompress a GZIP string in Java                                              ,"GZipFile,FileInputStream,FileOutputStream,GZipOutputStream"
61  ,How can I check if a value is of type Integer                                 ,"DateFormat,DosFileAttributes,Files,SimpleDateFormat"
62  ,How do I reverse the numbers in a string                                      ,"Arrays,List,Collections"
63  ,Insert at a specific index in array                                           ,"IndexWriter,TextField,IndexWriterConfig,StringField,Directory,List,StandardAnalyzer,ArrayList"
64  ,How to run Different commands from Java Code                                  ,"OutputStream,ImageWriter,Process,Runtime,FileOutputStream,BufferedImage,JPEGImageWriteParam,ImageIO,ImageOutputStream"
65  ,Running shell script from java code and pass arguments                        ,"Object,ScriptEngine,ScriptEngineManager,ScriptException"
66  ,How to sort a String array                                                    ,"Comparator,HashMap,Map,LinkedHashMap"
67  ,How can I convert an int to char                                              ,"DateFormat,Date,BufferedReader,BufferedWriter,DateTimeFormatter,LocalDate,Calendar,SimpleDateFormat"
68  ,How to check if string is a valid class identifier                            ,"DateFormat,SimpleDateFormat"
69  ,How can I get a char array in reverse order                                   ,"Arrays,List,Collections"
70  ,Random double Generator for a new position                                    ,"ImageIcon,IntStream,Graphics2D,SecureRandom,BufferedImage,AlphaComposite,JLabel,ImageIO,JFrame"
71  ,How to check if a string is numeric                                           ,"DateFormat,Connection,DatabaseMetaData,DriverManager,SimpleDateFormat"
72  ,How do I check if a string contains a list of characters                      ,"DateFormat,FileChannel,StringCharacterIterator,SimpleDateFormat,CharacterIterator,SeekableByteChannel,StandardOpenOption,ByteBuffer"
73  ,How to write contents of an array list to a text file                         ,"ObjectOutputStream,PrintStream,Serializable,BufferedImag,BufferedOutputStream,ImageIO,FileOutputStream,File,Graphics"
74  ,How to delete an element from an array                                        ,"Transformer,StringReader,DocumentBuilder,Document,StringWriter,StreamResult,TransformerFactory,DOMSource,DocumentBuilderFactory,Element"
75  ,Java- How do i convert a string of numbers to an Array of letters             ,"DateFormat,Date,DateTimeFormatter,LocalDate,Calendar,SimpleDateFormat"
76  ,How to convert String to byte                                                 ,"DateFormat,Date,DateTimeFormatter,FileInputStream,LocalDate,DeflaterOutputStream,FileOutputStream,Calendar,SimpleDateFormat"
77  ,loading texture from folder                                                   ,"Dimension,BufferedImage,SwingUtilities,ImageIO,JFrame"
78  ,how to convert from string to integer                                         ,"DateFormat,Date,IntStream,DateTimeFormatter,LocalDate,Calendar,SimpleDateFormat,SecureRandom"
79  ,Converting CSV file into 2D Array Java                                        ,"Transformer,Result,DocumentBuilder,Document,StreamSource,Source,StreamResult,TransformerFactory,DocumentBuilderFactory"
80  ,How can I convert a datetime string into an integer datatype                  ,"DateFormat,Date,IntStream,DateTimeFormatter,TimeZone,LocalDate,Calendar,SimpleDateFormat,SecureRandom"
81  ,how to run a command at terminal from java program                            ,"Runtime,Process"
82  ,How to convert TIFF to JPEG/PNG in java                                       ,"IIOImage,BufferedImage,ImageWriteParam,ImageWriter,ImageIO,ImageOutputStream"
83  ,How to validate if a string would be a valid java variable                    ,"DateFormat,SimpleDateFormat"
84  ,How to list the files in current directory                                    ,"WalkFileTree,SimpleFileVisitor,FindTextFilesVisitor,BasicFileAttributes,Files"
85  ,How to Convert string to byte                                                 ,"DateFormat,Date,DateTimeFormatter,FileInputStream,LocalDate,DeflaterOutputStream,FileOutputStream,Calendar,SimpleDateFormat"
86  ,How to execute a cmd command using java program                               ,"MessageUtil,Result,Process,JUnitCore,Runtime,Failure"
87  ,Convert from one base to another in Java                                      ,"DateFormat,Date,DateTimeFormatter,FileInputStream,LocalDate,FileOutputStream,Calendar,SimpleDateFormat,BufferedImage,IOException"
88  ,Generating a random number from the array                                     ,"IntStream,DigestUtils,InputStream,FileInputStream,SecureRandom"
89  ,Add Array elements to String                                                  ,"ImageIcon,DocumentBuilder,Document,Dimension,Image,ImagePanel,Element,JFrame"
90  ,How can I check whether a String is purely letters                            ,"FileSystem,DateFormat,FileSystemProvider,SimpleDateFormat"
91  ,How to append a byte to a string in Java                                      ,"BufferedOutputStream,FileOutputStream,PrintStream,File"
92  ,Run Bash from Java Program to Capture Webcam Image on Raspberry Pi            ,"MediaLocator,Manager,WindowEvent,WindowAdapter,Player"
93  ,how to pass parameters from java to a python script                           ,"Object,ScriptException,ScriptEngine,ScriptEngineManager"
94  ,passing arguments to a c code from java                                       ,"Object,ScriptException,ScriptEngine,ScriptEngineManager"
95  ,Casting a class using reflection in java                                      ,"Class,Method"
96  ,How do you reverse a string character by character in java                    ,"CharacterIterator,Arrays,List,StringCharacterIterator,Collections"
97  ,How do I multiply two String variables                                        ,"DateFormat,Date,HttpServletResponse,ServletException,Calendar,SimpleDateFormat,HttpSession,HttpServlet,PrintWriter"
98  ,Convert hexadecimal string to IP Address                                      ,"InetAddress,UnknownHostException"
99  ,Creating a Java program that locks a file                                     ,"FileChannel,Transition,ImageView,FileLock,Interpolator,Duration,RandomAccessFile,File"
100 ,How i can convert this String Value into a Integer Value                      ,"DateFormat,Date,DosFileAttributes,DateTimeFormatter,Files,LocalDate,Calendar,SimpleDateFormat"
101 ,Generate random objects in Java                                               ,"IntStream,SecureRandom"
102 ,How to Convert String to another String format                                ,"FileInputStream,FileOutputStream,BufferedImage,IOException"
103 ,Convert String to SQL Date                                                    ,"DateFormat,Date,DateTimeFormatter,LocalDate,Calendar,SimpleDateFormat,TimeZone"
104 ,How to convert date in Javascript to Java Date                                ,"DateFormat,Date,DateTimeFormatter,LocalDate,Calendar,SimpleDateFormat,TimeZone"
105 ,How can i parse a String to BigDecimal                                        ,"DateFormat,Date,LocalDateTime,DateTimeFormatter,LocalDate,Calendar,LocalTime,SimpleDateFormat"
106 ,Convert from txt to xml                                                       ,"Transformer,Result,JAXBException,DocumentBuilder,Document,StreamSource,Source,JAXBContext,Marshaller,StreamResult,TransformerFactory,File,DocumentBuilderFactory"
107 ,how to convert char to string                                                 ,"DateFormat,Date,DateTimeFormatter,LocalDate,Calendar,SimpleDateFormat"
108 ,How do i convert from ASCII to Decimal                                        ,"DateFormat,Date,DateTimeFormatter,LocalDate,Calendar,SimpleDateFormat"
109 ,Execute source command from Java                                              ,"ScriptEngine,Process,FileInputStream,Runtime,InputStreamReader,ScriptEngineManager"
110 ,How do I figure out whether the current time is in between two times          ,"Instant,Duration,LocalDateTime,LocalTime"
111 ,Dynamically insert an XML Element into a text node                            ,"DocumentBuilder,Document,Element"
112 ,How do I find the second to last character of a string                        ,"StringCharacterIterator,CharacterIterator,StringBuilder,MessageDigest"
113 ,Check if date String contains a year                                          ,"DateFormat,Date,DateTimeFormatter,LocalDate,Calendar,SimpleDateFormat"
114 ,How do you compare characters                                                 ,"DateFormat,Date,FileChannel,Calendar,SimpleDateFormat,SeekableByteChannel,StandardOpenOption,ByteBuffer"
115 ,How to generate random numbers in java                                        ,"IntStream,SecureRandom"
116 ,How do I check if a char is a vowel                                           ,"FileSystem,DateFormat,FileSystemProvider,SimpleDateFormat"
117 ,How to simulate a real mouse click using java                                 ,"InputEvent,Robot"
118 ,How to check if a string is an int                                            ,"DateFormat,BufferedWriter,SimpleDateFormat,BufferedReader"
119 ,Java: Sorting text file lines                                                 ,"PrintStream,Reader,LineNumberReader,BufferedOutputStream,FileOutputStream,File"
120 ,How do I convert a unicode string to turkish in java                          ,"DateFormat,Date,DateTimeFormatter,LocalDate,Calendar,SimpleDateFormat"
121 ,how do i convert int to date in specific form                                 ,"DateFormat,Date,DateTimeFormatter,LocalDate,Calendar,SimpleDateFormat,TimeZone"
122 ,Executing a native DOS command from a Java application                        ,"Desktop,Runtime,File,Process"
123 ,Java Array of unique randomly generated integers                              ,"IntStream,KeyGenerator,SecretKeySpec,SecretKey,SecureRandom"
124 ,How do I delete an element from an array of objects                           ,"Transformer,StringReader,DocumentBuilder,Document,EntityManager,EntityManagerFactory,StringWriter,EntityNotFoundException,StreamResult,TransformerFactory,DOMSource,DocumentBuilderFactory"
125 ,Generating random numbers inside an array                                     ,"IntStream,DigestUtils,InputStream,FileInputStream,SecureRandom"
126 ,cannot connect to mssql server from java jdbc                                 ,"DriverManager,Connection"
127 ,Convert epoch String to Java date                                             ,"DateFormat,Date,DateTimeFormatter,LocalDate,Calendar,SimpleDateFormat,TimeZone"
128 ,Reading a line from a text file Java                                          ,"BufferedReader,FileReader"
129 ,Converting Epoch Time String to Date String in JSP                            ,"DateFormat,Date,HttpState,Credentials,SimpleDateFormat,HttpClient,TimeZone,AuthScope"
130 ,How to write a parsed XML file into another file in Java                      ,"Transformer,Result,DocumentBuilder,Document,StreamSource,FileOutputStream,Source,ObjectOutputStream,Serializable,StreamResult,TransformerFactory,DocumentBuilderFactory"
131 ,How can I get an address of a List                                            ,"DateFormatSymbols,SocketException,NetworkInterface,String,InetAddress,UnknownHostException"
132 ,Java Read a text file                                                         ,"File,BufferedReader,PrintStream,FileSystem,FileOutputStream,BufferedOutputStream,FileSystemProvider,FileReader"
133 ,inserting data into database using jdbc                                       ,"OutputStream,InputStream,DriverManager,FileOutputStream,ResultSet,Connection,PreparedStatement,Blob"
134 ,Java - how do I check if a string exists in each of the elements of a HashSet ,"CharacterIterator,IOException,InputStream,FTPReply,StringCharacterIterator,SocketException,FTPClient"
135 ,Execute ADB command from Java program                                         ,"Runtime,Process"
136 ,execute shell command from android                                            ,"Runtime,Process"
137 ,How to append a String to JSON String in java                                 ,"BufferedOutputStream,StringReader,FileOutputStream,JsonReader,JsonObject,JsonArray,PrintStream,JsonValue,File"
138 ,How do I convert int into char[] to display time                              ,"DateFormat,Date,HashMap,DateTimeFormatter,LocalDate,Calendar,SimpleDateFormat,Map,Timer,Runnable,Random"
139 ,java capturing webcam images macbook                                          ,"WindowAdapter,Matcher,Player,MediaLocator,Pattern,WindowEvent,Manager"
140 ,Execute a command using ProcessBuilder from windows                           ,"MessageUtil,Result,Process,JUnitCore,Runtime,Failure"
141 ,How do I split a paragraph into sentences                                     ,"String,Locale,BreakIterator"
142 ,How to convert String to String Array                                         ,"DateFormat,Date,DateTimeFormatter,LocalDate,Calendar,SimpleDateFormat"
143 ,How to extract date and time from a String Timestamp in java                  ,"ZipEntry,ZipInputStream,LocalDate,CheckedInputStream,LocalDateTime,LocalTime,CRC32"
144 ,How to check if a string is a valid integer                                   ,"DateFormat,SimpleDateFormat"
145 ,How to connect ORACLE DB                                                      ,"DriverManager,ResultSet,Connection,Statement,PreparedStatement"
146 ,how to convert comma separated string to list of strings in java              ,"FileWriter,Scanner,FileReader"
147 ,Reversing the order of a string                                               ,"Arrays,List,Collections"
148 ,How can i convert string to long                                              ,"DateFormat,Date,DateTimeFormatter,LocalDate,Calendar,SimpleDateFormat"
149 ,Converting String to Date                                                     ,"DateFormat,Date,DateTimeFormatter,LocalDate,Calendar,SimpleDateFormat,TimeZone"
150 ,Executing terminal command from java                                          ,"Runtime,Process"
151 ,remove elements from XML file in java                                         ,"Transformer,StreamResult,StringReader,DocumentBuilder,Document,NamedNodeMap,StringWriter,DOMSource,TransformerFactory,File,DocumentBuilderFactory,Element"
152 ,How to get the pattern of Number Format of a specific locale                  ,"Date,Locale,SimpleDateFormat"
153 ,How to format numbers with leading spaces in Java                             ,"NumberFormat,DecimalFormat"
154 ,How to convert Object as timestamp to formatted date                          ,"DateFormat,Date,TimeZone,Locale,SimpleDateFormat"
155 ,How do I parse numbers in a string                                            ,"DateFormat,Date,DateTimeFormatter,LocalDate,Number,Calendar,SimpleDateFormat,Locale,ParseException,NumberFormat,LocalDateTime,LocalTime"
156 ,how do I convert text to integer in Java                                      ,"DateFormat,Date,IntStream,DateTimeFormatter,LocalDate,Calendar,SimpleDateFormat,SecureRandom"
157 ,how to convert string to int in Java                                          ,"DateFormat,Date,BufferedReader,BufferedWriter,DateTimeFormatter,LocalDate,Calendar,SimpleDateFormat"
158 ,Get files from a zip file                                                     ,"OutputStream,ZipEntry,ZipInputStream,FileUtils,ZipFile,FileInputStream,FTPClient,FTPFile,Enumeration"
159 ,How can I get the name of a field in an Object                                ,"Signature,SignedObject,KeyPairGenerator,KeyPair,String,DateFormatSymbols"
160 ,How do I convert a large binary String to byte array java                     ,"DateFormat,Date,MappedByteBuffer,DateTimeFormatter,FileChannel,LocalDate,RandomAccessFile,Calendar,SimpleDateFormat"
161 ,Get type of array of class using Java reflection                              ,"Class,Method"
162 ,How can i convert timestamp value into date in java                           ,"DateFormat,Date,DateTimeFormatter,LocalDate,Calendar,SimpleDateFormat,TimeZone,LocalDateTime,LocalTime"
163 ,How do I convert a unicode-string to a readable string                        ,"ImageIcon,DateFormat,Date,DateTimeFormatter,LocalDate,Calendar,SimpleDateFormat,Image"
164 ,Unable to execute Unix command through Java code                              ,"Runtime,Process"
165 ,How to append string dynamically                                              ,"BufferedOutputStream,FileOutputStream,PrintStream,File"
166 ,How can I convert String[] to int[]                                           ,"DateFormat,Date,BufferedReader,BufferedWriter,DateTimeFormatter,LocalDate,Calendar,SimpleDateFormat"
167 ,convert String to String array                                                ,"DateFormat,Date,DateTimeFormatter,LocalDate,Calendar,SimpleDateFormat"
168 ,How to convert zip file into bytes in Java                                    ,"DataInputStream,ByteArrayOutputStream,FileInputStream,DeflaterOutputStream,FileOutputStream"
169 ,Converting char to string                                                     ,"StringBuilder,DateFormat,Date,MessageDigest,DateTimeFormatter,LocalDate,Calendar,SimpleDateFormat"
170 ,Connect Servlet to MySQL database in eclipse                                  ,"Connection,Statement,PreparedStatement,DriverManager,ResultSet"
171 ,How can I validate if a string is a string and not an integer in java         ,"DateFormat,IntStream,SimpleDateFormat,SecureRandom"
172 ,Writing a string to file as a byte in Java                                    ,"DataInputStream,ByteArrayOutputStream,FileInputStream,DeflaterOutputStream,FileOutputStream"
173 ,Unable to send parameters to bash script from java                            ,"Object,ScriptException,ScriptEngine,ScriptEngineManager"
174 ,Center a string on a line of a specific number of characters                  ,"FontMetrics,Graphics2D,Dimension,Graphics,BorderLayout,JFrame"
175 ,How do you convert a java String to a mailing address object                  ,"DateFormat,Date,DateTimeFormatter,LocalDate,Calendar,UnknownHostException,SimpleDateFormat,InetAddress"
176 ,Executing terminal commands from java                                         ,"Process,IOException,Runtime,FTPClient,FTPCmd"
177 ,How would you convert each int element of a 2D Array into a String            ,"Transformer,StringCharacterIterator,Document,InputSource,CharacterIterator,StringWriter,TransformerFactory,DocumentBuilderFactory,Element"
178 ,Load font file from resources folder                                          ,"Font,InputStream"
179 ,Running a Bash Command in different directory from a java program             ,"OutputStream,ImageWriter,Process,Runtime,FileOutputStream,BufferedImage,JPEGImageWriteParam,ImageIO,ImageOutputStream"
180 ,How do I reverse a String array                                               ,"Arrays,List,Collections"
181 ,How do you convert string arraylist to double using for loop to calculate     ,"ChronoUnit,DateFormat,Date,Period,DateTimeFormatter,LocalDate,Calendar,SimpleDateFormat"
182 ,JAVA: How do you convert a String variable to a Double variable               ,"DateFormat,Date,DateTimeFormatter,LocalDate,ArrayUtils,Calendar,SimpleDateFormat"
183 ,How can I check if a string has a substring from a List                       ,"FileSystem,DateFormat,FileSystemProvider,SimpleDateFormat"
184 ,How to convert string to double                                               ,"DateFormat,Date,DateTimeFormatter,LocalDate,Calendar,SimpleDateFormat"
185 ,Java check if string is valid file                                            ,"DateFormat,SimpleDateFormat"
186 ,appending arguments to a String                                               ,"StringBuilder,PrintStream,MessageDigest,BufferedOutputStream,FileOutputStream,File"
187 ,How to Sort a HashTable                                                       ,"Comparator,HashMap,Map,LinkedHashMap"
188 ,Execute Jar from Java code                                                    ,"Runtime,Process"
189 ,Adding elements to an array java                                              ,"Transformer,StAXResult,DocumentBuilder,Document,XMLOutputFactory,XMLStreamWriter,DOMSource,TransformerFactory,Element"
190 ,How do I convert a char [] to an int                                          ,"DateFormat,Date,BufferedReader,BufferedWriter,DateTimeFormatter,LocalDate,Calendar,SimpleDateFormat"
191 ,Java generation a random number in a specific range                           ,"IntStream,ScriptEngine,Invocable,ScriptEngineManager,SecureRandom"
192 ,How do I check if one string contains characters from another string          ,"DateFormat,SeekableByteChannel,StandardOpenOption,FileChannel,SimpleDateFormat,ByteBuffer"
193 ,How to pass argument to shell script file from servlet                        ,"ScriptEngineFactory,Object,ScriptEngine,ScriptEngineManager,ScriptException"
194 ,How to do type conversion by string                                           ,"StringBuilder,DateFormat,Date,MessageDigest,DateTimeFormatter,LocalDate,Calendar,SimpleDateFormat"
195 ,Appending values in a string in java                                          ,"Comparator,HashMap,BufferedOutputStream,FileOutputStream,Map,PrintStream,LinkedHashMap,File"
196 ,How do I run execute commands from a file                                     ,"Process,Runtime,ScriptEngine,Reader,File,ScriptEngineManager,FileReader"
197 ,Executing PowerShell Commands in Java Program                                 ,"Process,IOException,Runtime,FTPClient,FTPCmd"
198 ,Looping with a random number generator in Java                                ,"IntStream,Timer,HashMap,Runnable,Random,Map,SecureRandom"
199 ,How do you check if a string is a palindrome in java                          ,"FileSystem,DateFormat,FileSystemProvider,SimpleDateFormat"
200 ,Need java Regex to remove/replace the XML elements from specific string       ,"Transformer,Document,StringWriter,TransformerFactory,DocumentBuilderFactory,Element"
201 ,Generating several random double numbers in java                              ,"IntStream,DigestUtils,InputStream,FileInputStream,SecureRandom"
202 ,make a word centered in a line in java                                        ,"FontMetrics,Graphics2D,AffineTransform,Dimension,Graphics,BufferedImage,BorderLayout,AffineTransformOp,ImageIO,JFrame"
203 ,Loading resource files within a jar                                           ,"Enumeration,ResourceBundle"
204 ,How do you check if a string is not equal to an object                        ,"BufferedInputStream,DateFormat,SimpleDateFormat,IOException"
205 ,How do I convert a char string to an integer in Java                          ,"DateFormat,Date,IntStream,DateTimeFormatter,LocalDate,Calendar,SimpleDateFormat,SecureRandom"
206 ,How do I reverse the order of only the digits in a string                     ,"Arrays,List,Collections"
207 ,How to convert datetime to String in java                                     ,"DateFormat,Date,DateTimeFormatter,LocalDate,Calendar,SimpleDateFormat,TimeZone"
208 ,How to compare each line of a text File? java                                 ,"Reader,LineNumberReader"
209 ,How to generate a random integer using math.random class                      ,"IntStream,SecureRandom"
210 ,Separating comma separated values in a string                                 ,"FileWriter,Scanner,FileReader"
211 ,How to change directory in java                                               ,"AccessController,FilePermission,WatchService,StandardWatchEventKinds,WatchKey,WatchEvent,Path"
212 ,How do i check if string contains a part of a string                          ,"DateFormat,MessageFormat,Locale,SimpleDateFormat"
213 ,Java - generating 3 random numbers                                            ,"IntStream,DigestUtils,InputStream,FileInputStream,SecureRandom"
214 ,How to Convert String to LocalDateTime                                        ,"DateFormat,Date,DateTimeFormatter,LocalDate,Calendar,SimpleDateFormat,TimeZone"
215 ,Converting String to byte from XML file                                       ,"JAXBContext,Marshaller,JAXBException,FileInputStream,DeflaterOutputStream,FileOutputStream,File"
216 ,Check if a String is Integer                                                  ,"DateFormat,IntStream,SimpleDateFormat,SecureRandom"
217 ,How to invoke cmd commands in from a Java program in Windows                  ,"InvocationTargetException,IllegalAccessException,Object,Process,Runtime,Method,Class"
218 ,Play audio files in Java                                                      ,"BufferedInputStream,MidiSystem,Sequencer"
219 ,Do adding objects to an ArrayList clone                                       ,ArrayUtils
220 ,How do i sort an array of strings by the second char of each string           ,"CharacterIterator,Comparator,LinkedHashMap,HashMap,StringCharacterIterator,Map"
221 ,How do I compare two numeric string in Java                                   ,"DateFormat,Date,Connection,DatabaseMetaData,DriverManager,Calendar,SimpleDateFormat"
222 ,text file read in java to an object array                                     ,"Signature,ObjectOutputStream,SignedObject,KeyPairGenerator,Serializable,KeyPair,FileOutputStream"
223 ,Get Byte Values as String                                                     ,"DataInputStream,ByteArrayOutputStream,Comparator,LinkedHashMap,HashMap,Map"
224 ,Loading Images from resource or different folders                             ,"BufferedImage,Graphics2D,SwingUtilities,ImageIO,Dimension,JFrame"
225 ,Parse a date from a string                                                    ,"LocalDate,LocalDateTime,LocalTime"
226 ,How do I convert a JTextField string to a double                              ,"DateFormat,Date,DateTimeFormatter,LocalDate,Calendar,SimpleDateFormat"
227 ,Class array in constructor with reflection                                    ,"Class,Method"
228 ,How to convert string to string array using java                              ,"DateFormat,Date,Result,DateTimeFormatter,JUnitCore,LocalDate,Calendar,SimpleDateFormat,Failure,MessageUtil"
229 ,Generate a random integer with a specified number of digits Java              ,"IntStream,SecureRandom"
230 ,Append to a certain part of a text file in Java                               ,"BufferedOutputStream,FileOutputStream,PrintStream,File"
231 ,Computer Graphics: Rotating a polygon                                         ,"Shape,Rectangle,AffineTransform"
232 ,Executing Python script from Java - Issues with parameter passing             ,"Object,ScriptEngine,ScriptEngineManager,ScriptException"
233 ,How do I convert a String to array Integer                                    ,"DateFormat,Date,IntStream,DateTimeFormatter,TimeZone,LocalDate,Calendar,SimpleDateFormat,SecureRandom"
234 ,Randomly generated number array                                               ,"IntStream,KeyGenerator,SecretKeySpec,SecretKey,SecureRandom"
235 ,java code to execute commands                                                 ,"Runtime,Process"
236 ,How do I parse multiple integers from a string                                ,"FileChannel,LocalDate,Number,FileLock,Locale,ParseException,NumberFormat,LocalDateTime,LocalTime,RandomAccessFile"
237 ,How to parse date string into integer variables                               ,"LocalDate,LocalDateTime,LocalTime"
238 ,Read two Line from Text file and put them in a string                         ,"BufferedReader,FileReader"
239 ,Java Copying to Clipboard                                                     ,"FormData,Clipboard,TextTransfer"
240 ,Randomly Generate specific numbers                                            ,"IntStream,KeyPairGenerator,KeyPair,PublicKey,PrivateKey,SecureRandom"
241 ,How do you check if a given sentence is avoiding a certain letter in java     ,"BreakIterator,DateFormat,Locale,SimpleDateFormat"
242 ,Convert comma-separated string to list of variables                           ,"FileWriter,Scanner,FileReader"
243 ,How do I use String.format to display value with leading space                ,"NumberFormat,DecimalFormat"
244 ,How to print out all substrings of a string                                   ,"VBox,HBox,TextArea,Stage,Application,Label,PrinterJob,Button,Scene"
245 ,How to get an integer at a specified position in a string of integers         ,"ImageIcon,ImageIO,Graphics2D,BufferedImage,AlphaComposite,List,JLabel,JFrame,ArrayList"
246 ,How do I check if a string contains keywords                                  ,"DateFormat,MessageFormat,Locale,SimpleDateFormat"
247 ,Copy a file to clipboard                                                      ,"FormData,Clipboard,TextTransfer,FileInputStream,FileOutputStream"
248 ,Math.random generates same number                                             ,"IntStream,Timer,HashMap,Runnable,Random,Map,SecureRandom"
249 ,Execute commands in CMD on Windows with Java code                             ,"Runtime,Process"
250 ,Generating a random integer with non-uniform distribution                     ,"IntStream,SecureRandom"
251 ,How do I check if an int is a decimal                                         ,"DateFormat,BufferedWriter,SimpleDateFormat,BufferedReader"
252 ,How can I print the elements of 3 different String Arrays in a certain order  ,"Arrays,List,Collections"
253 ,Error of connection to the MS SQL server                                      ,"Connection,XMLReaderFactory,XMLReader,DriverManager,DefaultHandler"
254 ,How to update a string on each iteration of for loop                          ,"StringCharacterIterator,CharacterIterator,StringBuilder,MessageDigest"
255 ,Java String to Date                                                           ,"DateFormat,Date,DateTimeFormatter,LocalDate,Calendar,SimpleDateFormat,TimeZone"
256 ,How do you split a word in Java                                               ,"Signature,SignedObject,KeyPairGenerator,String,Locale,KeyPair,BreakIterator"
257 ,How do I call a variable in another method                                    ,"Invocable,ScriptEngine,ArrayUtils,ScriptEngineManager"
258 ,SED Command not executing through JAVA code                                   ,"Runtime,Process"
259 ,Issue connecting to SQL Server 2012 with JDBC                                 ,"DriverManager,Connection"
260 ,How can I convert a char to int in Java                                       ,"DateFormat,Date,BufferedReader,BufferedWriter,DateTimeFormatter,LocalDate,Calendar,SimpleDateFormat"
261 ,Calling method in an element of a object array                                ,"Signature,InvocationTargetException,IllegalAccessException,SignedObject,KeyPairGenerator,Object,KeyPair,Class,Method"
262 ,Load resource in a jar file Java Spring                                       ,"Enumeration,ResourceBundle"
263 ,Writing a method to return the string inside an object in Java                ,"ObjectOutputStream,CallableStatement,Connection,Serializable,DriverManager,FileOutputStream,ResultSet"
264 ,Date changing from one format to another format                               ,"FileInputStream,FileOutputStream,FileWriter,BufferedImage,IOException,Scanner,FileReader"
265 ,How do i reverse each character in a string                                   ,"CharacterIterator,Arrays,List,StringCharacterIterator,Collections"
266 ,How to connect to mysql through jdbc                                          ,"Connection,PreparedStatement,DriverManager"
267 ,Append String Array to a single string                                        ,"BufferedOutputStream,FileOutputStream,PrintStream,File"
268 ,How i convert String to int                                                   ,"DateFormat,Date,BufferedReader,BufferedWriter,DateTimeFormatter,LocalDate,Calendar,SimpleDateFormat"
269 ,How do we convert the string in to int array in Java                          ,"DateFormat,Date,BufferedReader,BufferedWriter,DateTimeFormatter,LocalDate,Calendar,SimpleDateFormat"
270 ,Java ArrayList to Javascript Array                                            ,"ScriptEngine,ScriptEngineManager,FileReader"
271 ,How to replace a number from a text which is not appended to a string         ,"Transformer,BufferedOutputStream,FileOutputStream,Document,PrintStream,StringWriter,TransformerFactory,File,DocumentBuilderFactory,Element"
272 ,Array with random integers                                                    ,"IntStream,Timer,HashMap,Runnable,Random,Map,SecureRandom"
273 ,How do I check if a string is in this format MM-YY in Java                    ,"DateFormat,IOException,Scanner,FileReader,SimpleDateFormat,FileWriter"
274 ,Java issue within connection to Microsoft SQL Server                          ,"DriverManager,Connection"
275 ,How do you convert a string to type integer and type double from user inputs  ,"DateFormat,Date,IntStream,DateTimeFormatter,LocalDate,Calendar,SimpleDateFormat,SecureRandom"
276 ,how do I make a java program to check if there is a vowel in a string         ,"DateFormat,BufferedImage,AffineTransformOp,AffineTransform,ImageIO,SimpleDateFormat"
277 ,java random number generator without arrays                                   ,"IntStream,Timer,HashMap,Runnable,Random,Map,SecureRandom"
278 ,How do I convert from ASCII to String                                         ,"DateFormat,Date,DateTimeFormatter,LocalDate,Calendar,SimpleDateFormat"
279 ,Generate random integer in range multiple of another integer in Java          ,"IntStream,SecureRandom"
280 ,How do I create a BLOB object by Java without connection to database          ,"ServerAddress,DriverManager,Connection,BasicDBObject,MongoClient,DBCollection,Properties"
281 ,How to change number length format                                            ,"DecimalFormat,Locale,DecimalFormatSymbols"
282 ,How to read integers on file with java using Buffered Reader                  ,"FileSystem,BufferedReader,BufferedWriter,FileSystemProvider"
