Check if a class is type of java.lang.Enum,java.lang.Class.isEnum
How to use a delimiter to split a string,java.util.List.contains,java.util.Arrays.asList
How do you escape colon in Properties file,java.util.Properties.store
How to iterate through a 2d ArrayList of objects,java.util.ArrayList.get
Problem in exchanging the first and last characters of a string in Java,java.lang.String.replace,java.lang.String.substring
get file owner attributes in Java,java.nio.file.Files.getOwner
How to collect DoubleStream to List,java.util.stream.DoubleStream.boxed,java.lang.Double.parseDouble,java.lang.Double.valueOf,java.util.stream.Stream.mapToDouble
find if java stream contains null,java.util.stream.Stream.findAny
return only files in directory,java.io.File.isFile
How to blur a portion of an image in java,java.awt.image.BufferedImage.getSubimage
use DecimalFormat to print without scientific notation,java.util.Formatter.syntax,java.lang.String.format
how to measure time in Java,java.lang.System.nanoTime
execute java program,java.lang.Runtime.exec
get all files in a directory in Java,java.io.File.list
How to determine last element use an iterator,java.util.Iterator.hasNext
passing parameters to PreparedStatement,java.sql.PreparedStatement.setString
How can I iterate a string from last to first,java.util.List.listIterator
How to iterate over an Array fields using reflection,java.lang.reflect.Field.get
How to use html style in string with format parameter,java.lang.String.format
How to overwrite the old Xerces version that has been loaded in the parent CL,java.lang.Class.forName
How to modify the collection while iterating using a for-each loop ,java.util.Iterator.remove
How to create random permutation,java.util.Collections.shuffle
How to make ArrayList thread safe? Another way to solve problems by Java,java.util.Collections.synchronizedList
Grouping elements of a list into lists in java,java.util.stream.Collectors.groupingBy
How do I get localized date pattern string in java,java.text.SimpleDateFormat.toLocalizedPattern,java.time.format.DateTimeFormatter.ofLocalizedDate
16 bit hex string to signed int,java.lang.Integer.parseInt
Resolve the ip address of a hostname in java,java.net.InetAddress.getHostAddress
toString java of an arrays in java ,java.util.Arrays.toString
Concatenate original arrays using separators in Java,java.lang.String.join
Group by map list,java.util.stream.Collectors.groupingBy
Declared as final in Java,java.lang.String.intern
The best way to exit the program,java.lang.System.exit
close JFrame,javax.swing.JFrame.setDefaultCloseOperation
instantiate a string class,java.lang.reflect.Constructor.newInstance,java.lang.Class.forName
change to another database,java.sql.Connection.setCatalog
shutdown a thread implementing by runnable interface,java.lang.Thread.sleep,java.lang.Thread.interrupted
reuse application of filter map in the Stream ,java.util.stream.Stream.flatMap
use lambda expression to check if element exists,java.util.stream.Stream.anyMatch
Instantiate a class t using a constructor that accepts string parameters,java.lang.Class.newInstance
JFileChooser changes the default directory in Windows,javax.swing.JFileChooser.setCurrentDirectory
check if  an InputStream is empty,java.io.InputStream.available
replace part of string using index,java.lang.String.substring
negative indexOf,java.lang.String.indexOf,java.lang.String.lastIndexOf
set property,java.lang.System.setProperty
iterate over elements in Hashmap,java.util.HashMap.values,java.util.HashMap.keySet
ensure order in java8 stream,java.util.stream.Stream.forEachOrdered,java.util.stream.Stream.iterate,java.util.stream.BaseStream.unordered,java.util.stream.Stream.forEach,java.util.stream.Stream.generate,java.util.stream.package-summary.Ordering
get the Timestamp from Calendar,java.util.Calendar.getTime
"get the size of an array, a Collection or a String ",java.util.Collection.size,java.lang.String.length,java.util.Map.size
